PLAYER_ID,RANK,PLAYER,TEAM_ID,TEAM,GP,MIN,FGM,FGA,FG_PCT,FG3M,FG3A,FG3_PCT,FTM,FTA,FT_PCT,OREB,DREB,REB,AST,STL,BLK,TOV,PF,PTS,EFF,AST_TOV,STL_TOV
1629029,1,Luka Dončić,1610612747,LAL,64,2289,693,1457,0.476,254,694,0.366,503,645,0.78,41,454,495,530,105,34,255,153,2143,2146,2.08,0.41
1628983,2,Shai Gilgeous-Alexander,1610612760,OKC,68,2259,731,1321,0.553,115,298,0.386,540,614,0.879,38,254,292,448,95,52,151,139,2117,2189,2.97,0.63
1627759,3,Jaylen Brown,1610612738,BOS,71,2443,736,1543,0.477,140,404,0.347,426,536,0.795,81,411,492,364,72,27,259,191,2038,1817,1.41,0.28
201142,4,Kevin Durant,1610612745,HOU,78,2840,716,1376,0.52,186,450,0.413,408,467,0.874,41,385,426,372,62,71,246,142,2026,1992,1.51,0.25
1630178,5,Tyrese Maxey,1610612755,PHI,70,2661,694,1501,0.462,220,599,0.367,372,417,0.892,24,266,290,461,130,55,171,151,1980,1893,2.7,0.76
1628378,6,Donovan Mitchell,1610612739,CLE,70,2342,678,1403,0.483,224,616,0.364,372,430,0.865,50,266,316,398,104,20,198,163,1952,1809,2.01,0.53
1628973,7,Jalen Brunson,1610612752,NYK,74,2590,689,1475,0.467,195,528,0.369,354,421,0.841,31,216,247,503,57,8,175,170,1927,1714,2.87,0.33
1627750,8,Jamal Murray,1610612743,DEN,75,2652,657,1360,0.483,245,563,0.435,346,390,0.887,32,298,330,535,66,29,171,131,1905,1947,3.13,0.39
202695,9,Kawhi Leonard,1610612746,LAC,65,2085,635,1258,0.505,172,445,0.387,371,416,0.892,71,342,413,234,122,27,133,78,1813,1808,1.76,0.92
203999,10,Nikola Jokić,1610612743,DEN,65,2265,644,1132,0.569,112,295,0.38,399,480,0.831,192,644,836,697,92,53,243,173,1799,2665,2.87,0.38
1630162,11,Anthony Edwards,1610612750,MIN,61,2137,602,1231,0.489,205,514,0.399,348,437,0.796,36,266,302,226,83,49,174,118,1757,1525,1.3,0.48
1626164,12,Devin Booker,1610612756,PHX,64,2146,546,1198,0.456,122,370,0.33,454,520,0.873,48,200,248,386,51,18,201,168,1668,1452,1.92,0.25
203944,13,Julius Randle,1610612750,MIN,79,2610,580,1207,0.481,109,346,0.315,398,496,0.802,132,400,532,398,86,18,217,223,1667,1759,1.83,0.4
1627742,14,Brandon Ingram,1610612761,TOR,77,2604,614,1288,0.477,135,353,0.382,292,356,0.82,63,367,430,284,58,55,187,148,1655,1557,1.52,0.31
201935,15,James Harden,1610612739,CLE,70,2438,487,1123,0.434,215,573,0.375,463,524,0.884,40,296,336,557,79,28,245,137,1652,1710,2.27,0.32
1630217,16,Desmond Bane,1610612753,ORL,82,2756,583,1205,0.484,167,427,0.391,314,346,0.908,98,240,338,338,86,37,164,252,1647,1628,2.06,0.52
1629638,17,Nickeil Alexander-Walker,1610612737,ATL,78,2603,548,1195,0.459,251,629,0.399,277,307,0.902,52,216,268,286,102,42,162,173,1624,1483,1.77,0.63
1630552,18,Jalen Johnson,1610612737,ATL,72,2532,600,1228,0.489,120,341,0.352,301,382,0.788,101,639,740,566,89,31,244,151,1621,2094,2.32,0.37
1641705,19,Victor Wembanyama,1610612759,SAS,64,1866,553,1080,0.512,122,350,0.349,372,450,0.827,130,606,736,199,66,197,155,156,1600,2038,1.28,0.43
1631094,20,Paolo Banchero,1610612753,ORL,72,2502,529,1152,0.459,84,275,0.305,457,590,0.775,85,519,604,373,51,40,222,144,1599,1689,1.68,0.23
1630166,21,Deni Avdija,1610612757,POR,66,2199,492,1064,0.462,125,393,0.318,489,610,0.802,74,380,454,442,51,41,253,168,1598,1640,1.75,0.2
1630595,22,Cade Cunningham,1610612765,DET,64,2172,548,1189,0.461,125,366,0.342,310,382,0.812,56,299,355,634,92,54,236,196,1531,1717,2.69,0.39
1626157,23,Karl-Anthony Towns,1610612752,NYK,75,2322,517,1032,0.501,113,307,0.368,357,416,0.858,233,656,889,226,65,40,187,255,1504,1963,1.21,0.35
1642851,24,Kon Knueppel,1610612766,CHA,81,2551,515,1084,0.475,273,642,0.425,195,226,0.863,97,335,432,274,57,19,161,169,1498,1519,1.7,0.35
1627783,25,Pascal Siakam,1610612754,IND,62,2057,559,1155,0.484,105,293,0.358,262,378,0.693,89,322,411,236,69,25,138,147,1485,1376,1.71,0.5
1642843,26,Cooper Flagg,1610612742,DAL,70,2344,559,1194,0.468,72,244,0.295,283,342,0.827,86,380,466,316,84,64,161,142,1473,1548,1.96,0.52
1628389,27,Bam Adebayo,1610612748,MIA,73,2365,506,1145,0.442,127,400,0.318,329,423,0.778,149,583,732,232,86,49,120,122,1468,1714,1.93,0.72
1630578,28,Alperen Sengun,1610612745,HOU,72,2398,583,1123,0.519,40,131,0.305,260,376,0.691,215,425,640,445,85,77,227,238,1466,1830,1.96,0.37
1630567,29,Scottie Barnes,1610612761,TOR,80,2681,569,1123,0.507,68,224,0.304,242,297,0.815,149,451,600,474,114,116,210,211,1448,1933,2.26,0.54
1630163,30,LaMelo Ball,1610612766,CHA,72,2017,506,1244,0.407,272,740,0.368,161,179,0.899,65,282,347,514,87,17,202,195,1445,1452,2.55,0.43
1641708,31,Amen Thompson,1610612745,HOU,79,2953,557,1044,0.534,25,116,0.216,304,390,0.779,235,379,614,420,119,48,190,175,1443,1881,2.21,0.63
203468,32,CJ McCollum,1610612737,ATL,76,2263,525,1154,0.455,191,510,0.375,183,237,0.772,62,190,252,293,64,35,135,144,1424,1250,2.17,0.47
1630530,33,Trey Murphy III,1610612740,NOP,66,2341,494,1050,0.47,214,565,0.379,218,246,0.886,63,314,377,250,99,24,120,138,1420,1466,2.08,0.83
201942,34,DeMar DeRozan,1610612758,SAC,77,2406,499,1005,0.497,47,147,0.32,374,431,0.868,35,191,226,316,80,23,96,149,1419,1405,3.29,0.83
1631105,35,Jalen Duren,1610612765,DET,70,1976,522,803,0.65,0,0,0.0,321,430,0.747,265,472,737,138,57,59,130,195,1365,1836,1.06,0.44
1630202,36,Payton Pritchard,1610612738,BOS,79,2556,506,1091,0.464,212,562,0.377,121,136,0.89,69,243,312,408,58,10,109,118,1345,1424,3.74,0.53
1628368,37,De'Aaron Fox,1610612759,SAS,72,2231,509,1047,0.486,131,395,0.332,187,246,0.76,42,228,270,445,89,19,164,162,1336,1398,2.71,0.54
1628970,38,Miles Bridges,1610612766,CHA,77,2387,479,1042,0.46,148,445,0.333,208,253,0.822,75,375,450,246,46,34,107,131,1314,1375,2.3,0.43
1641706,39,Brandon Miller,1610612766,CHA,65,1968,454,1044,0.435,204,533,0.383,199,223,0.892,70,249,319,217,66,44,163,180,1311,1180,1.33,0.41
1629627,40,Zion Williamson,1610612740,NOP,62,1841,484,807,0.6,1,4,0.25,333,465,0.716,125,228,353,199,60,34,126,141,1302,1367,1.58,0.48
1631157,41,Ryan Rollins,1610612749,MIL,74,2375,486,1030,0.472,184,453,0.406,125,157,0.796,54,284,338,414,110,31,201,193,1281,1397,2.06,0.55
1641718,42,Keyonte George,1610612762,UTA,54,1786,402,881,0.456,134,361,0.371,337,378,0.892,23,176,199,332,58,14,166,120,1275,1192,2.0,0.35
1630180,43,Saddiq Bey,1610612740,NOP,72,2246,436,967,0.451,151,412,0.367,248,295,0.841,121,279,400,182,68,7,68,95,1271,1282,2.68,1.0
1628401,44,Derrick White,1610612738,BOS,77,2625,437,1108,0.394,209,640,0.327,184,204,0.902,86,253,339,414,88,98,134,119,1267,1381,3.09,0.66
1626181,45,Norman Powell,1610612748,MIA,58,1717,421,895,0.47,156,410,0.38,263,318,0.827,22,181,203,143,64,14,111,127,1261,1045,1.29,0.58
1629008,46,Michael Porter Jr.,1610612751,BKN,52,1689,444,958,0.463,176,485,0.363,195,227,0.859,69,298,367,158,55,13,122,116,1259,1184,1.3,0.45
2544,47,LeBron James,1610612747,LAL,60,1989,473,919,0.515,77,243,0.317,233,316,0.737,43,321,364,432,72,35,179,81,1256,1451,2.41,0.4
1641824,48,Matas Buzelis,1610612741,CHI,77,2248,446,963,0.463,173,495,0.349,187,238,0.786,77,371,448,158,55,116,159,177,1252,1302,0.99,0.35
1631095,49,Jabari Smith Jr.,1610612745,HOU,77,2705,438,974,0.45,177,488,0.363,162,209,0.775,108,421,529,143,56,71,105,192,1215,1326,1.36,0.53
1642845,50,VJ Edgecombe,1610612755,PHI,75,2623,451,1030,0.438,149,421,0.354,148,181,0.818,122,301,423,315,107,39,137,214,1199,1334,2.3,0.78
1630559,51,Austin Reaves,1610612747,LAL,51,1762,373,762,0.49,118,328,0.36,323,371,0.871,33,207,240,280,56,20,151,110,1187,1195,1.85,0.37
1631096,52,Chet Holmgren,1610612760,OKC,69,1997,434,779,0.557,88,243,0.362,225,284,0.792,130,485,615,115,43,131,107,158,1181,1574,1.08,0.4
1628969,52,Mikal Bridges,1610612752,NYK,82,2692,472,963,0.49,156,420,0.371,81,98,0.827,79,233,312,304,107,62,83,160,1181,1375,3.66,1.29
1630596,54,Evan Mobley,1610612739,CLE,65,2074,469,859,0.546,62,209,0.297,180,297,0.606,156,430,586,234,48,113,122,159,1180,1532,1.92,0.39
1642847,55,Jeremiah Fears,1610612740,NOP,82,2112,437,1006,0.434,101,306,0.33,194,246,0.789,60,240,300,279,97,30,178,151,1169,1076,1.57,0.55
1631170,56,Jaime Jaquez Jr.,1610612748,MIA,75,2121,464,915,0.507,58,183,0.317,166,216,0.769,96,279,375,352,51,21,152,137,1152,1298,2.32,0.34
1630193,57,Immanuel Quickley,1610612761,TOR,70,2231,401,905,0.443,178,476,0.374,170,207,0.821,38,244,282,415,92,5,102,141,1150,1301,4.07,0.9
201939,58,Stephen Curry,1610612744,GSW,43,1329,374,799,0.468,190,484,0.393,204,221,0.923,17,137,154,203,49,17,121,75,1142,1002,1.68,0.41
1641764,59,Brandin Podziemski,1610612744,GSW,82,2333,394,866,0.455,153,412,0.371,192,241,0.797,72,347,419,304,88,15,131,136,1133,1307,2.32,0.67
1642264,59,Stephon Castle,1610612759,SAS,68,2038,385,817,0.471,81,244,0.332,282,384,0.734,98,264,362,502,78,19,217,222,1133,1343,2.31,0.36
1628415,61,Dillon Brooks,1610612756,PHX,56,1702,417,959,0.435,127,369,0.344,170,202,0.842,43,160,203,99,57,9,98,183,1131,827,1.01,0.58
1630230,62,Naji Marshall,1610612742,DAL,74,2184,419,821,0.51,62,213,0.291,228,300,0.76,65,283,348,241,82,6,119,143,1128,1212,2.03,0.69
1628374,63,Lauri Markkanen,1610612762,UTA,42,1443,384,805,0.477,115,324,0.355,240,268,0.896,84,205,289,89,42,21,63,77,1123,1052,1.41,0.67
1630168,63,Onyeka Okongwu,1610612737,ATL,74,2297,413,860,0.48,144,383,0.376,153,202,0.757,140,422,562,231,82,79,127,243,1123,1454,1.82,0.65
1628384,65,OG Anunoby,1610612752,NYK,67,2224,389,804,0.484,157,407,0.386,183,221,0.828,85,266,351,145,104,48,123,164,1118,1190,1.18,0.85
1641729,66,Brice Sensabaugh,1610612762,UTA,75,1762,394,857,0.46,162,442,0.367,166,201,0.826,56,175,231,143,54,12,124,143,1116,934,1.15,0.44
1642263,67,Reed Sheppard,1610612745,HOU,82,2147,407,946,0.43,227,576,0.394,69,86,0.802,28,210,238,277,122,54,123,166,1110,1122,2.25,0.99
1641739,68,Toumani Camara,1610612757,POR,82,2731,392,891,0.44,219,592,0.37,97,137,0.708,129,292,421,201,94,35,144,237,1100,1168,1.4,0.65
1629628,69,RJ Barrett,1610612761,TOR,57,1726,401,816,0.491,96,283,0.339,200,279,0.717,55,245,300,189,42,19,99,147,1098,1055,1.91,0.42
1630183,70,Jaden McDaniels,1610612750,MIN,73,2316,417,809,0.515,103,250,0.412,147,176,0.835,76,234,310,199,81,73,131,244,1084,1195,1.52,0.62
1629640,71,Keldon Johnson,1610612759,SAS,82,1911,414,797,0.519,99,273,0.363,154,194,0.794,137,303,440,111,46,11,70,162,1081,1196,1.59,0.66
203501,72,Tim Hardaway Jr.,1610612743,DEN,80,2127,348,779,0.447,224,550,0.407,159,196,0.811,17,189,206,108,42,10,43,100,1079,934,2.51,0.98
203924,73,Jerami Grant,1610612757,POR,57,1695,331,730,0.453,136,350,0.389,262,322,0.814,55,143,198,122,42,36,119,142,1060,880,1.03,0.35
1629012,74,Collin Sexton,1610612741,CHI,68,1613,360,742,0.485,112,279,0.401,218,255,0.855,41,114,155,223,76,10,141,144,1050,954,1.58,0.54
1629675,75,Naz Reid,1610612750,MIN,77,2007,397,871,0.456,162,448,0.362,90,123,0.732,90,387,477,170,76,78,126,195,1046,1214,1.35,0.6
203952,76,Andrew Wiggins,1610612748,MIA,68,2063,390,821,0.475,138,333,0.414,127,162,0.784,115,214,329,182,76,69,103,156,1045,1132,1.77,0.74
1631101,77,Shaedon Sharpe,1610612757,POR,50,1471,392,868,0.452,103,306,0.337,155,197,0.787,51,166,217,132,70,6,147,98,1042,802,0.9,0.48
1630245,78,Ayo Dosunmu,1610612750,MIN,69,1881,386,747,0.517,123,280,0.439,127,145,0.876,47,190,237,249,58,18,96,130,1022,1109,2.59,0.6
203954,79,Joel Embiid,1610612755,PHI,38,1201,341,697,0.489,53,159,0.333,286,335,0.854,75,218,293,150,21,46,109,82,1021,1017,1.38,0.19
1631221,80,Collin Gillespie,1610612756,PHX,80,2282,352,842,0.418,232,578,0.401,76,87,0.874,89,238,327,371,99,16,125,130,1012,1199,2.97,0.79
1629656,81,Quentin Grimes,1610612755,PHI,75,2206,340,755,0.45,127,380,0.334,199,237,0.84,46,227,273,244,64,28,133,155,1006,1029,1.84,0.48
1628978,82,Donte DiVincenzo,1610612750,MIN,82,2494,339,835,0.406,244,644,0.379,78,105,0.743,67,269,336,313,104,34,118,197,1000,1146,2.65,0.88
1642846,83,Ace Bailey,1610612762,UTA,72,1988,395,892,0.443,137,398,0.344,66,88,0.75,104,198,302,131,60,49,107,193,993,909,1.22,0.56
203507,83,Giannis Antetokounmpo,1610612749,MIL,36,1039,373,598,0.624,15,45,0.333,232,357,0.65,98,254,352,196,34,24,115,86,993,1134,1.7,0.3
201566,85,Russell Westbrook,1610612758,SAC,64,1853,358,839,0.427,128,379,0.338,127,183,0.694,80,268,348,426,83,12,209,147,971,1094,2.04,0.4
1629614,86,Andrew Nembhard,1610612754,IND,57,1786,333,753,0.442,107,296,0.361,193,234,0.825,25,135,160,437,51,8,137,126,966,1024,3.19,0.37
202696,87,Nikola Vučević,1610612738,BOS,64,1818,394,799,0.493,100,271,0.369,77,93,0.828,125,412,537,213,39,41,85,127,965,1289,2.51,0.46
1641710,88,Anthony Black,1610612753,ORL,64,1910,345,772,0.447,100,300,0.333,169,231,0.732,47,197,244,236,91,45,132,170,959,954,1.79,0.69
1631097,89,Bennedict Mathurin,1610612746,LAC,54,1620,291,677,0.43,75,238,0.315,292,336,0.869,55,238,293,129,43,13,118,137,949,879,1.09,0.36
1642852,90,Derik Queen,1610612740,NOP,81,2023,354,748,0.473,23,88,0.261,217,273,0.795,136,436,572,298,84,74,190,215,948,1336,1.57,0.44
1631108,91,Max Christie,1610612742,DAL,77,2245,320,725,0.441,180,446,0.404,125,139,0.899,15,234,249,151,47,27,96,98,945,904,1.57,0.49
1629130,92,Duncan Robinson,1610612765,DET,77,2113,318,698,0.456,220,536,0.41,83,110,0.755,29,176,205,159,44,22,54,168,939,908,2.94,0.82
1628381,93,John Collins,1610612746,LAC,69,1871,364,659,0.552,89,219,0.406,118,154,0.766,110,257,367,70,60,51,95,187,935,1057,0.74,0.63
1642270,94,Donovan Clingan,1610612757,POR,77,2094,356,684,0.52,84,246,0.341,138,203,0.68,347,545,892,162,44,130,95,182,934,1674,1.71,0.46
1630170,95,Devin Vassell,1610612759,SAS,67,2044,330,755,0.437,166,432,0.384,106,130,0.815,39,230,269,167,57,25,60,106,932,941,2.78,0.95
1628991,96,Jaren Jackson Jr.,1610612762,UTA,48,1455,342,719,0.476,84,235,0.357,163,203,0.803,42,230,272,94,53,69,107,179,931,895,0.88,0.5
1642875,97,Maxime Raynaud,1610612758,SAC,74,1964,383,671,0.571,24,74,0.324,132,168,0.786,142,414,556,100,38,39,94,170,922,1237,1.06,0.4
1628976,97,Wendell Carter Jr.,1610612753,ORL,78,2288,326,637,0.512,72,226,0.319,198,250,0.792,162,415,577,154,60,49,100,267,922,1299,1.54,0.6
1630581,99,Josh Giddey,1610612741,CHI,54,1731,321,717,0.448,103,283,0.364,174,228,0.763,67,381,448,494,55,27,196,90,919,1297,2.52,0.28
1626171,100,Bobby Portis,1610612749,MIL,67,1619,366,750,0.488,135,296,0.456,48,68,0.706,89,339,428,105,41,12,66,110,915,1031,1.59,0.62
1630200,101,Tre Jones,1610612741,CHI,65,1752,341,617,0.553,41,130,0.315,191,227,0.841,38,166,204,350,76,11,92,94,914,1151,3.8,0.83
1630577,102,Julian Champagnie,1610612759,SAS,82,2266,301,689,0.437,195,512,0.381,114,135,0.844,74,399,473,127,62,38,69,131,911,1133,1.84,0.9
1630700,103,Dyson Daniels,1610612737,ATL,76,2520,402,777,0.517,22,117,0.188,75,122,0.615,184,336,520,449,149,31,135,166,901,1493,3.33,1.1
1629028,104,Deandre Ayton,1610612747,LAL,72,1958,403,601,0.671,0,0,0.0,91,141,0.645,185,390,575,59,41,70,83,157,897,1311,0.71,0.49
1628398,105,Kyle Kuzma,1610612749,MIL,69,1806,339,689,0.492,83,239,0.347,135,186,0.726,57,256,313,184,46,28,119,134,896,947,1.55,0.39
1630572,106,Sandro Mamukelashvili,1610612761,TOR,80,1751,330,631,0.523,115,296,0.389,118,158,0.747,108,287,395,151,64,41,67,147,893,1136,2.25,0.96
1641716,107,Jarace Walker,1610612754,IND,76,1953,307,733,0.419,133,356,0.374,137,183,0.749,49,342,391,192,63,26,139,124,884,945,1.38,0.45
1642271,108,Kyle Filipowski,1610612762,UTA,77,1801,323,657,0.492,74,228,0.325,159,212,0.75,144,408,552,198,73,39,125,232,879,1229,1.58,0.58
1642267,109,Bub Carrington,1610612764,WAS,82,2271,314,741,0.424,169,414,0.408,81,111,0.73,33,243,276,381,52,17,191,184,878,956,2.0,0.27
1642281,110,Jaylon Tyson,1610612739,CLE,66,1778,330,670,0.493,133,298,0.446,79,107,0.738,118,220,338,147,54,28,99,164,872,972,1.49,0.55
1629632,111,Coby White,1610612766,CHA,50,1250,278,623,0.446,115,318,0.362,197,241,0.817,17,153,170,200,25,5,128,111,868,751,1.56,0.2
1642377,112,Jaylen Wells,1610612763,MEM,69,1821,301,698,0.431,129,365,0.353,134,171,0.784,61,159,220,111,61,9,74,148,865,758,1.5,0.82
201950,112,Jrue Holiday,1610612757,POR,53,1560,320,709,0.451,137,362,0.378,88,105,0.838,71,174,245,322,54,6,146,78,865,940,2.21,0.37
1628386,114,Jarrett Allen,1610612739,CLE,56,1519,337,528,0.638,1,10,0.1,185,261,0.709,144,332,476,100,55,47,75,95,860,1196,1.33,0.73
1630314,115,Brandon Williams,1610612742,DAL,66,1463,291,617,0.472,36,155,0.232,241,304,0.793,30,161,191,256,62,20,125,103,859,874,2.05,0.5
1642276,116,Kel'el Ware,1610612748,MIA,77,1704,344,649,0.53,92,233,0.395,71,96,0.74,217,477,694,56,59,84,62,119,851,1352,0.9,0.95
1626167,117,Myles Turner,1610612749,MIL,71,1912,284,646,0.44,147,384,0.383,131,177,0.74,75,303,378,103,50,115,83,185,846,1001,1.24,0.6
1629636,118,Darius Garland,1610612746,LAC,45,1344,309,672,0.46,122,308,0.396,105,122,0.861,18,89,107,301,43,8,130,84,845,794,2.32,0.33
1642907,119,Cedric Coward,1610612763,MEM,62,1598,305,648,0.471,93,275,0.338,140,166,0.843,83,281,364,171,40,27,105,126,843,971,1.63,0.38
1628960,120,Grayson Allen,1610612756,PHX,51,1467,269,667,0.403,159,455,0.349,144,168,0.857,37,118,155,195,69,13,83,117,841,768,2.35,0.83
202699,121,Tobias Harris,1610612765,DET,63,1746,309,659,0.469,82,223,0.368,136,157,0.866,55,268,323,157,58,26,63,107,836,966,2.49,0.92
203497,122,Rudy Gobert,1610612750,MIN,76,2380,335,491,0.682,0,5,0.0,159,302,0.526,299,573,872,128,58,124,106,199,829,1606,1.21,0.55
1642844,123,Dylan Harper,1610612759,SAS,69,1558,331,656,0.505,61,178,0.343,90,119,0.756,54,180,234,266,54,24,99,139,813,938,2.69,0.55
202691,124,Klay Thompson,1610612742,DAL,69,1497,286,728,0.393,202,527,0.383,36,47,0.766,18,125,143,96,33,22,63,70,810,588,1.52,0.52
1629651,124,Nic Claxton,1610612751,BKN,69,1920,333,583,0.571,3,19,0.158,141,229,0.616,168,310,478,253,45,77,96,158,810,1229,2.64,0.47
1631260,126,AJ Green,1610612749,MIL,78,2270,262,618,0.424,232,554,0.419,53,62,0.855,29,184,213,152,39,8,75,179,809,781,2.03,0.52
1641730,126,Noah Clowney,1610612751,BKN,66,1780,250,631,0.396,129,392,0.329,180,224,0.804,52,221,273,108,50,45,102,168,809,758,1.06,0.49
1641796,128,Pelle Larsson,1610612748,MIA,70,1849,277,559,0.496,62,192,0.323,184,231,0.797,69,175,244,236,49,16,101,148,800,915,2.34,0.49
1642285,129,Cam Spencer,1610612763,MEM,72,1714,263,556,0.473,146,325,0.449,126,134,0.94,40,143,183,400,52,11,93,103,798,1050,4.3,0.56
1629023,130,P.J. Washington,1610612742,DAL,56,1736,296,658,0.45,76,234,0.325,125,182,0.687,84,310,394,98,55,60,94,119,793,887,1.04,0.59
1628404,131,Josh Hart,1610612752,NYK,66,1994,301,592,0.508,100,242,0.413,90,125,0.72,93,393,486,317,75,17,128,165,792,1233,2.48,0.59
1631212,132,Peyton Watson,1610612743,DEN,54,1598,285,581,0.491,81,197,0.411,138,189,0.73,49,215,264,111,50,61,93,136,789,835,1.19,0.54
1630591,133,Jalen Suggs,1610612753,ORL,57,1574,282,649,0.435,122,360,0.339,100,117,0.855,36,184,220,312,105,40,152,145,786,927,2.05,0.69
1629014,134,Anfernee Simons,1610612741,CHI,55,1372,285,648,0.44,146,379,0.385,69,77,0.896,31,104,135,134,27,8,68,94,785,650,1.97,0.4
1630198,134,Isaiah Joe,1610612760,OKC,71,1507,247,543,0.455,181,428,0.423,110,123,0.894,33,148,181,94,50,11,45,121,785,767,2.09,1.11
1642259,136,Alex Sarr,1610612764,WAS,48,1305,316,656,0.482,50,150,0.333,101,146,0.692,105,250,355,130,39,95,82,105,783,935,1.59,0.48
1630643,136,Jay Huff,1610612754,IND,82,1719,291,611,0.476,119,373,0.319,82,99,0.828,73,251,324,121,41,153,76,196,783,1009,1.59,0.54
1629060,138,Rui Hachimura,1610612747,LAL,68,1927,307,597,0.514,116,262,0.443,50,72,0.694,41,185,226,57,39,21,42,110,780,769,1.36,0.93
1629674,139,Neemias Queta,1610612738,BOS,76,1926,326,499,0.653,1,8,0.125,123,175,0.703,230,406,636,126,60,100,75,216,776,1398,1.68,0.8
1642349,140,Ajay Mitchell,1610612760,OKC,57,1473,286,590,0.485,61,176,0.347,141,162,0.87,40,150,190,206,71,18,81,119,774,853,2.54,0.88
1628370,141,Malik Monk,1610612758,SAC,62,1364,277,632,0.438,124,314,0.395,94,107,0.879,15,102,117,185,37,24,91,99,772,676,2.03,0.41
203084,142,Harrison Barnes,1610612759,SAS,77,1986,262,575,0.456,139,358,0.388,102,123,0.829,62,151,213,148,50,12,61,85,765,793,2.43,0.82
1626220,142,Royce O'Neale,1610612756,PHX,78,2213,263,625,0.421,212,520,0.408,27,38,0.711,59,313,372,208,84,32,103,177,765,985,2.02,0.82
1642860,144,Will Riley,1610612764,WAS,74,1633,271,618,0.439,78,247,0.316,144,180,0.8,56,156,212,146,54,9,94,91,764,708,1.55,0.57
1641783,145,Tristan da Silva,1610612753,ORL,77,1899,279,620,0.45,120,321,0.374,84,95,0.884,58,226,284,124,68,25,69,117,762,842,1.8,0.99
202710,146,Jimmy Butler III,1610612744,GSW,38,1182,240,462,0.519,32,85,0.376,248,287,0.864,88,123,211,185,55,8,60,46,760,898,3.08,0.92
203471,147,Dennis Schröder,1610612739,CLE,70,1696,255,629,0.405,75,228,0.329,171,205,0.834,33,157,190,341,55,11,124,109,756,821,2.75,0.44
203897,148,Zach LaVine,1610612758,SAC,39,1224,262,547,0.479,99,254,0.39,125,142,0.88,8,100,108,89,28,10,74,81,748,607,1.2,0.38
1630173,149,Precious Achiuwa,1610612758,SAC,73,1745,316,598,0.528,27,97,0.278,77,139,0.554,177,315,492,101,65,50,65,123,736,1035,1.55,1.0
1642848,150,Tre Johnson,1610612764,WAS,60,1443,271,647,0.419,115,321,0.358,76,87,0.874,29,141,170,122,33,18,93,122,733,596,1.31,0.36
1630541,151,Moses Moody,1610612744,GSW,60,1540,245,557,0.44,151,377,0.401,87,113,0.77,51,149,200,98,58,34,57,122,728,723,1.72,1.02
1641709,152,Ausar Thompson,1610612765,DET,73,1896,303,577,0.525,6,24,0.25,109,191,0.571,150,268,418,228,146,69,110,198,721,1116,2.07,1.33
1630573,153,Sam Hauser,1610612738,BOS,78,1934,252,601,0.419,198,504,0.393,17,20,0.85,56,244,300,114,38,23,35,113,719,807,3.26,1.09
1629111,154,Jock Landale,1610612737,ATL,68,1506,282,548,0.515,74,193,0.383,80,126,0.635,183,204,387,115,35,36,60,150,718,919,1.92,0.58
1642273,155,Kyshawn George,1610612764,WAS,48,1391,253,577,0.438,99,260,0.381,105,131,0.802,43,202,245,214,48,43,125,169,710,785,1.71,0.38
1626162,156,Kelly Oubre Jr.,1610612755,PHI,50,1574,254,544,0.467,86,239,0.36,111,145,0.766,50,202,252,80,68,24,69,127,705,736,1.16,0.99
1631109,157,Mark Williams,1610612756,PHX,60,1416,282,438,0.644,1,1,1.0,135,175,0.771,185,292,477,58,55,55,65,132,700,1084,0.89,0.85
1630532,158,Franz Wagner,1610612753,ORL,34,1019,244,507,0.481,48,139,0.345,163,198,0.823,43,134,177,113,32,11,58,72,699,676,1.95,0.55
1628989,159,Kevin Huerter,1610612765,DET,69,1549,269,596,0.451,100,325,0.308,55,71,0.775,34,206,240,178,63,33,72,115,693,792,2.47,0.88
1642268,160,Isaiah Collier,1610612762,UTA,59,1517,255,515,0.495,27,100,0.27,151,209,0.722,21,129,150,423,66,20,148,138,688,881,2.86,0.45
1641713,161,GG Jackson,1610612763,MEM,55,1178,255,514,0.496,64,193,0.332,112,151,0.742,49,186,235,81,31,44,85,75,686,694,0.95,0.37
1627826,162,Ivica Zubac,1610612754,IND,48,1447,288,482,0.598,0,0,0.0,101,142,0.711,162,347,509,105,18,40,86,112,677,1028,1.22,0.21
1629639,162,Tyler Herro,1610612748,MIA,33,1033,247,515,0.48,84,222,0.378,99,108,0.917,14,144,158,136,23,12,64,62,677,665,2.13,0.36
1631222,164,Jake LaRavia,1610612747,LAL,82,2061,240,523,0.459,78,243,0.321,116,152,0.763,116,210,326,145,104,38,87,196,674,881,1.67,1.2
1642450,165,Daniss Jenkins,1610612765,DET,72,1455,232,568,0.408,73,195,0.374,134,161,0.832,51,115,166,278,64,15,115,107,671,716,2.42,0.56
1630241,166,Sam Merrill,1610612739,CLE,52,1377,223,484,0.461,158,375,0.421,59,69,0.855,28,105,133,125,33,7,42,127,663,648,2.98,0.79
1629645,167,Kevin Porter Jr.,1610612749,MIL,38,1261,239,514,0.465,46,143,0.322,137,156,0.878,34,164,198,280,83,19,110,88,661,837,2.55,0.76
1629661,168,Cameron Johnson,1610612743,DEN,54,1647,228,475,0.48,110,256,0.43,94,112,0.839,43,163,206,132,40,21,47,125,660,747,2.81,0.85
1641717,168,Cason Wallace,1610612760,OKC,77,2046,252,584,0.432,101,288,0.351,55,68,0.809,63,175,238,200,150,28,73,154,660,858,2.74,2.06
1641731,170,Bilal Coulibaly,1610612764,WAS,56,1468,230,541,0.425,65,204,0.319,132,177,0.746,48,195,243,145,75,54,81,130,657,737,1.79,0.93
1630558,171,Davion Mitchell,1610612748,MIA,70,2000,261,533,0.49,90,228,0.395,42,65,0.646,32,154,186,453,68,11,108,181,654,969,4.19,0.63
1628379,172,Luke Kennard,1610612747,LAL,78,1681,236,443,0.533,117,245,0.478,63,69,0.913,32,150,182,174,55,8,60,101,652,798,2.9,0.92
1628971,173,Bruce Brown,1610612743,DEN,82,1998,248,522,0.475,57,148,0.385,96,126,0.762,85,233,318,174,85,20,91,195,649,851,1.91,0.93
1642363,174,Nique Clifford,1610612758,SAC,75,1882,249,596,0.418,77,231,0.333,70,97,0.722,65,217,282,179,68,24,116,156,645,708,1.54,0.59
202331,175,Paul George,1610612755,PHI,37,1135,225,513,0.439,100,255,0.392,91,111,0.82,20,176,196,133,62,16,64,84,641,676,2.08,0.97
1642258,175,Zaccharie Risacher,1610612737,ATL,67,1503,244,536,0.455,95,258,0.368,58,90,0.644,71,186,257,76,59,36,58,147,641,687,1.31,1.02
203114,177,Khris Middleton,1610612742,DAL,63,1439,227,540,0.42,67,186,0.36,119,136,0.875,51,180,231,176,41,9,108,144,640,659,1.63,0.38
1641842,177,Ronald Holland II,1610612765,DET,78,1551,235,544,0.432,50,198,0.253,120,149,0.805,83,232,315,95,92,27,96,183,640,735,0.99,0.96
201572,179,Brook Lopez,1610612746,LAC,75,1635,232,542,0.428,114,317,0.36,56,74,0.757,47,226,273,97,45,87,61,154,634,747,1.59,0.74
1628963,180,Marvin Bagley III,1610612742,DAL,60,1201,254,411,0.618,24,52,0.462,95,144,0.66,150,216,366,85,28,43,61,123,627,882,1.39,0.46
1631106,180,Tari Eason,1610612745,HOU,60,1549,241,580,0.416,93,260,0.358,52,67,0.776,124,252,376,90,72,28,81,138,627,758,1.11,0.89
1630611,182,Gui Santos,1610612744,GSW,68,1395,230,460,0.5,78,222,0.351,87,120,0.725,75,191,266,159,61,22,102,142,625,768,1.56,0.6
203903,183,Jordan Clarkson,1610612752,NYK,72,1279,237,526,0.451,70,214,0.327,78,94,0.83,62,65,127,96,30,9,63,123,622,516,1.52,0.48
1630174,184,Aaron Nesmith,1610612754,IND,45,1335,212,512,0.414,105,277,0.379,92,111,0.829,48,139,187,86,26,23,63,124,621,561,1.37,0.41
1629631,185,De'Andre Hunter,1610612758,SAC,45,1175,208,501,0.415,75,246,0.305,124,143,0.867,30,155,185,90,30,6,75,112,615,539,1.2,0.4
1630598,186,Aaron Wiggins,1610612760,OKC,65,1414,231,536,0.431,96,270,0.356,53,72,0.736,41,158,199,109,60,28,81,83,611,602,1.35,0.74
1630692,187,Jordan Goodwin,1610612756,PHX,70,1572,229,555,0.413,112,302,0.371,39,56,0.696,138,203,341,151,106,14,68,133,609,810,2.22,1.56
1630538,188,Bones Hyland,1610612750,MIN,71,1177,212,468,0.453,116,299,0.388,64,82,0.78,23,104,127,188,44,17,70,120,604,636,2.69,0.63
1629001,189,De'Anthony Melton,1610612744,GSW,49,1125,215,528,0.407,72,245,0.294,100,121,0.826,39,119,158,125,77,20,91,91,602,557,1.37,0.85
1630583,189,Santi Aldama,1610612763,MEM,43,1198,228,476,0.479,70,200,0.35,76,114,0.667,67,220,287,126,37,31,55,69,602,742,2.29,0.67
1641757,191,Jordan Miller,1610612746,LAC,60,1325,212,399,0.531,38,110,0.345,136,175,0.777,50,132,182,136,45,11,63,62,598,683,2.16,0.71
1630551,192,Justin Champagnie,1610612764,WAS,69,1377,232,462,0.502,53,166,0.319,80,102,0.784,145,239,384,84,59,43,45,114,597,870,1.87,1.31
1631323,192,Simone Fontecchio,1610612748,MIA,70,1173,194,471,0.412,123,328,0.375,86,102,0.843,56,155,211,101,37,9,49,104,597,613,2.06,0.76
1627739,194,Kris Dunn,1610612746,LAC,82,2230,227,477,0.476,80,214,0.374,62,81,0.765,58,213,271,295,131,14,111,189,596,927,2.66,1.18
1642262,195,Cody Williams,1610612762,UTA,67,1631,238,509,0.468,28,131,0.214,84,119,0.706,61,137,198,137,51,26,73,122,588,621,1.88,0.7
1630171,196,Isaac Okoro,1610612741,CHI,63,1695,211,459,0.46,73,221,0.33,89,112,0.795,69,104,173,100,46,29,46,162,584,615,2.17,1.0
203932,197,Aaron Gordon,1610612743,DEN,36,1005,198,398,0.497,61,157,0.389,125,163,0.767,51,158,209,96,21,10,38,62,582,642,2.53,0.55
1630191,198,Isaiah Stewart,1610612765,DET,58,1317,221,402,0.55,40,120,0.333,99,131,0.756,96,194,290,66,16,93,67,166,581,766,0.99,0.24
203935,199,Marcus Smart,1610612747,LAL,62,1769,188,476,0.395,97,293,0.331,106,129,0.822,36,136,172,185,87,23,92,162,579,643,2.01,0.95
1629652,200,Luguentz Dort,1610612760,OKC,69,1849,202,524,0.385,128,372,0.344,44,58,0.759,56,189,245,85,62,27,54,179,576,605,1.57,1.15
1631217,201,Moussa Diabaté,1610612766,CHA,73,1899,229,363,0.631,1,2,0.5,116,176,0.659,273,362,635,141,56,72,73,176,575,1212,1.93,0.77
1630533,202,Ziaire Williams,1610612751,BKN,56,1281,184,433,0.425,86,251,0.343,119,140,0.85,30,104,134,60,76,21,59,116,573,535,1.02,1.29
203110,203,Draymond Green,1610612744,GSW,68,1869,205,491,0.418,101,310,0.326,59,84,0.702,55,320,375,376,61,42,181,197,570,932,2.08,0.34
1629750,204,Javonte Green,1610612765,DET,82,1446,185,414,0.447,94,247,0.381,105,125,0.84,62,168,230,56,102,25,45,107,569,688,1.24,2.27
1630224,205,Jalen Green,1610612756,PHX,32,828,216,512,0.422,71,227,0.313,65,87,0.747,16,100,116,91,34,8,72,42,568,427,1.26,0.47
1630560,206,Cam Thomas,1610612749,MIL,42,881,189,461,0.41,52,168,0.31,137,169,0.811,11,60,71,108,9,4,74,43,567,381,1.46,0.12
202685,206,Jonas Valančiūnas,1610612743,DEN,65,871,227,390,0.582,8,26,0.308,105,136,0.772,105,224,329,78,14,37,73,133,567,758,1.07,0.19
1631114,208,Jalen Williams,1610612760,OKC,33,936,216,446,0.484,23,77,0.299,108,129,0.837,27,125,152,181,39,9,63,65,563,630,2.87,0.62
1642272,209,Jared McCain,1610612760,OKC,67,1160,204,480,0.425,99,257,0.385,51,59,0.864,23,114,137,90,35,5,56,81,558,485,1.61,0.63
1630568,210,Luka Garza,1610612738,BOS,69,1118,206,357,0.577,55,127,0.433,90,117,0.769,156,125,281,66,27,28,46,161,557,735,1.44,0.59
1630249,211,Vít Krejčí,1610612757,POR,65,1392,192,429,0.448,128,328,0.39,38,51,0.745,31,117,148,100,47,18,41,138,550,572,2.44,1.15
1627780,212,Gary Payton II,1610612744,GSW,73,1142,242,415,0.583,37,127,0.291,26,40,0.65,101,164,265,123,67,21,62,132,547,774,1.98,1.08
1631230,213,Dominick Barlow,1610612755,PHI,71,1689,215,399,0.539,21,82,0.256,94,131,0.718,133,207,340,87,63,53,56,150,545,811,1.55,1.13
1642347,213,Jamal Shead,1610612761,TOR,82,1852,185,504,0.367,84,262,0.321,91,116,0.784,26,117,143,444,76,15,112,162,545,767,3.96,0.68
1642266,215,Ja'Kobe Walter,1610612761,TOR,72,1474,180,404,0.446,110,269,0.409,71,90,0.789,56,129,185,86,73,14,37,162,541,619,2.32,1.97
1630188,215,Jalen Smith,1610612741,CHI,53,1095,195,404,0.483,82,220,0.373,69,93,0.742,98,257,355,65,24,42,53,111,541,741,1.23,0.45
1630549,217,Day'Ron Sharpe,1610612751,BKN,62,1160,214,356,0.601,9,39,0.231,103,152,0.678,171,242,413,145,67,26,106,147,540,894,1.37,0.63
1642383,218,Walter Clayton Jr.,1610612763,MEM,69,1411,177,461,0.384,75,244,0.307,109,121,0.901,25,114,139,279,44,19,116,119,538,607,2.41,0.38
1642856,219,Egor Dëmin,1610612751,BKN,52,1308,179,449,0.399,124,322,0.385,54,65,0.831,21,144,165,173,42,17,86,93,536,566,2.01,0.49
204001,220,Kristaps Porziņģis,1610612744,GSW,32,769,173,388,0.446,54,160,0.338,133,158,0.842,40,127,167,81,18,38,41,92,533,556,1.98,0.44
1630557,221,Corey Kispert,1610612737,ATL,58,1080,184,394,0.467,87,237,0.367,77,97,0.794,27,105,132,92,16,9,45,60,532,506,2.04,0.36
1642345,222,Oso Ighodaro,1610612756,PHX,82,1808,239,366,0.653,0,1,0.0,53,117,0.453,138,280,418,185,73,57,101,218,531,972,1.83,0.72
1641765,223,Olivier-Maxence Prosper,1610612763,MEM,53,984,192,350,0.549,60,148,0.405,86,114,0.754,59,128,187,51,40,13,47,83,530,588,1.09,0.85
1629018,224,Gary Trent Jr.,1610612749,MIL,65,1377,183,473,0.387,123,342,0.36,40,52,0.769,8,59,67,79,34,3,41,85,529,369,1.93,0.83
1631128,225,Christian Braun,1610612743,DEN,44,1399,202,389,0.519,43,143,0.301,79,101,0.782,61,150,211,120,30,12,43,103,526,647,2.79,0.7
204456,226,T.J. McConnell,1610612754,IND,56,963,242,450,0.538,16,50,0.32,25,29,0.862,22,102,124,287,56,10,64,62,525,726,4.48,0.88
1629655,227,Daniel Gafford,1610612742,DAL,55,1195,207,316,0.655,0,0,0.0,110,161,0.683,138,240,378,58,42,69,63,144,524,848,0.92,0.67
1629673,227,Jordan Poole,1610612740,NOP,39,933,165,444,0.372,96,288,0.333,98,114,0.86,9,68,77,119,22,15,69,89,524,393,1.73,0.32
1630702,229,Jaden Hardy,1610612764,WAS,57,898,182,429,0.424,104,262,0.397,55,75,0.733,15,71,86,58,16,6,62,89,523,360,0.94,0.26
1641750,230,Ryan Kalkbrenner,1610612766,CHA,69,1479,219,291,0.753,0,5,0.0,83,116,0.716,167,210,377,54,32,101,62,107,521,918,0.87,0.52
1642366,231,Quinten Post,1610612744,GSW,67,1159,193,439,0.44,93,277,0.336,34,43,0.791,68,201,269,94,26,35,56,125,513,626,1.68,0.46
1630631,232,Jose Alvarado,1610612752,NYK,69,1370,187,449,0.416,101,287,0.352,35,46,0.761,26,145,171,234,66,8,77,129,510,639,3.04,0.86
1631126,233,Caleb Love,1610612757,POR,49,1013,190,490,0.388,93,292,0.318,36,49,0.735,25,89,114,123,27,4,62,48,509,402,1.98,0.44
1642874,234,Danny Wolf,1610612751,BKN,57,1187,178,440,0.405,68,211,0.322,84,109,0.771,57,224,281,127,30,32,73,126,508,618,1.74,0.41
1630172,235,Patrick Williams,1610612741,CHI,72,1474,178,478,0.372,95,274,0.347,54,75,0.72,49,166,215,105,49,26,75,93,505,504,1.4,0.65
1627884,236,Derrick Jones Jr.,1610612746,LAC,50,1350,189,379,0.499,55,153,0.359,71,93,0.763,61,112,173,69,45,50,40,104,504,589,1.73,1.13
1630194,236,Paul Reed,1610612765,DET,65,901,209,339,0.617,13,40,0.325,73,110,0.664,130,164,294,80,57,60,58,120,504,770,1.38,0.98
1642849,238,Nolan Traore,1610612751,BKN,56,1243,182,479,0.38,61,192,0.318,74,94,0.787,14,85,99,213,45,23,129,119,499,433,1.65,0.35
1629637,239,Jaxson Hayes,1610612747,LAL,66,1207,198,262,0.756,3,3,1.0,98,150,0.653,99,172,271,59,29,52,31,127,497,761,1.9,0.94
1630529,240,Herbert Jones,1610612740,NOP,56,1588,183,478,0.383,80,259,0.309,50,62,0.806,47,143,190,155,88,27,73,177,496,576,2.12,1.21
1642920,241,Kobe Sanders,1610612746,LAC,68,1351,179,384,0.466,80,196,0.408,57,69,0.826,29,124,153,109,49,10,81,146,495,518,1.35,0.61
1627751,242,Jakob Poeltl,1610612761,TOR,46,1149,217,310,0.7,0,0,0.0,59,98,0.602,114,209,323,93,40,32,57,145,493,792,1.63,0.7
1630540,243,Miles McBride,1610612752,NYK,41,1080,171,404,0.423,112,271,0.413,37,47,0.787,24,76,100,106,35,9,33,70,491,465,3.21,1.06
1642867,244,Collin Murray-Boyles,1610612761,TOR,57,1246,198,342,0.579,17,50,0.34,71,108,0.657,133,152,285,106,52,53,59,147,484,740,1.8,0.88
1631165,245,Keon Ellis,1610612739,CLE,72,1479,169,384,0.44,91,251,0.363,51,70,0.729,38,97,135,72,83,46,41,134,480,541,1.76,2.02
1630311,246,Pat Spencer,1610612744,GSW,66,1229,186,436,0.427,60,168,0.357,44,57,0.772,51,107,158,232,48,5,85,75,476,571,2.73,0.57
1629013,247,Landry Shamet,1610612752,NYK,51,1171,159,364,0.437,103,263,0.392,54,76,0.711,23,69,92,72,31,9,30,77,475,422,2.4,1.03
1631119,248,Jaylin Williams,1610612760,OKC,65,1277,149,352,0.423,98,256,0.383,73,92,0.793,32,326,358,158,31,42,67,127,469,769,2.36,0.46
1629004,248,Svi Mykhailiuk,1610612762,UTA,50,1156,173,362,0.478,98,240,0.408,25,28,0.893,36,88,124,93,26,3,42,63,469,481,2.21,0.62
1641767,250,Ben Sheppard,1610612754,IND,65,1390,168,387,0.434,84,232,0.362,39,51,0.765,43,152,195,114,39,6,41,114,459,541,2.78,0.95
1630695,251,Micah Potter,1610612754,IND,47,908,151,293,0.515,71,168,0.423,85,101,0.842,58,175,233,69,22,15,47,82,458,592,1.47,0.47
1641711,252,Gradey Dick,1610612761,TOR,76,1067,161,384,0.419,56,186,0.301,77,88,0.875,42,105,147,51,45,7,43,101,455,428,1.19,1.05
1629611,252,Terance Mann,1610612751,BKN,63,1529,168,368,0.457,56,154,0.364,63,80,0.788,70,130,200,190,41,15,71,155,455,613,2.68,0.58
1631245,254,Quenton Jackson,1610612754,IND,49,897,154,328,0.47,42,118,0.356,98,119,0.824,28,86,114,140,31,6,62,82,448,482,2.26,0.5
203994,255,Jusuf Nurkić,1610612762,UTA,41,1083,180,358,0.503,25,71,0.352,62,113,0.549,106,319,425,196,52,22,101,134,447,812,1.94,0.52
1628436,256,Luke Kornet,1610612759,SAS,68,1430,175,272,0.643,0,0,0.0,94,114,0.825,181,233,414,126,32,65,28,120,444,936,4.5,1.14
1627747,257,Caris LeVert,1610612765,DET,60,1154,163,391,0.417,60,180,0.333,57,84,0.679,23,94,117,159,51,41,82,91,443,474,1.94,0.62
1642883,258,Sion James,1610612766,CHA,82,1843,138,372,0.371,83,236,0.352,82,98,0.837,49,238,287,163,52,20,65,148,441,648,2.51,0.8
1641774,258,Tristan Vukcevic,1610612764,WAS,49,671,152,317,0.479,50,144,0.347,87,111,0.784,32,115,147,55,23,33,62,82,441,448,0.89,0.37
1642954,258,Will Richard,1610612744,GSW,69,1377,162,346,0.468,71,212,0.335,46,54,0.852,67,105,172,93,80,9,53,131,441,550,1.76,1.51
1630228,261,Jonathan Kuminga,1610612737,ATL,36,831,157,339,0.463,35,105,0.333,89,123,0.724,49,153,202,83,22,11,67,55,438,473,1.24,0.33
1641707,261,Taylor Hendricks,1610612763,MEM,59,1118,163,355,0.459,63,184,0.342,49,72,0.681,65,156,221,55,50,30,50,99,438,529,1.1,1.0
1628392,263,Isaiah Hartenstein,1610612760,OKC,47,1137,184,296,0.622,0,7,0.0,64,105,0.61,149,294,443,166,48,36,82,118,432,890,2.02,0.59
1631172,264,Ousmane Dieng,1610612749,MIL,57,1099,168,398,0.422,63,185,0.341,32,45,0.711,29,151,180,136,25,17,75,78,431,471,1.81,0.33
203484,265,Kentavious Caldwell-Pope,1610612763,MEM,51,1088,150,366,0.41,55,174,0.316,73,80,0.913,20,105,125,139,43,8,61,57,428,459,2.28,0.71
1631248,266,Baylor Scheierman,1610612738,BOS,77,1429,151,333,0.453,97,243,0.399,28,31,0.903,57,212,269,116,42,6,46,108,427,629,2.52,0.91
1630703,266,Scoot Henderson,1610612757,POR,30,748,143,342,0.418,57,162,0.352,84,100,0.84,18,62,80,112,27,9,73,85,427,367,1.53,0.37
1631124,268,Julian Strawther,1610612743,DEN,57,861,149,319,0.467,58,150,0.387,57,70,0.814,12,102,114,61,25,6,36,73,413,400,1.69,0.69
1642265,269,Rob Dillingham,1610612741,CHI,65,970,163,412,0.396,42,133,0.316,41,55,0.745,19,112,131,143,47,6,100,114,409,373,1.43,0.47
1642962,270,Drake Powell,1610612751,BKN,63,1320,144,358,0.402,51,182,0.28,69,77,0.896,21,90,111,91,36,14,60,89,408,378,1.52,0.6
203076,271,Anthony Davis,1610612764,WAS,20,626,169,334,0.506,10,37,0.27,59,81,0.728,62,159,221,56,22,33,41,42,407,511,1.37,0.54
1642346,271,Ryan Dunn,1610612756,PHX,70,1355,164,362,0.453,56,169,0.331,23,47,0.489,99,198,297,102,60,29,56,130,407,617,1.82,1.07
203083,273,Andre Drummond,1610612755,PHI,63,1231,159,337,0.472,32,90,0.356,53,84,0.631,200,332,532,80,38,49,61,125,403,832,1.31,0.62
1629057,274,Robert Williams III,1610612757,POR,59,1008,177,250,0.708,9,23,0.391,34,57,0.596,141,274,415,60,35,87,49,74,397,849,1.22,0.71
1642948,274,Ryan Nembhard,1610612742,DAL,60,1171,162,390,0.415,48,135,0.356,25,31,0.806,13,120,133,316,25,2,85,86,397,554,3.72,0.29
1642914,276,Javon Small,1610612763,MEM,41,830,134,288,0.465,60,142,0.423,68,82,0.829,36,92,128,151,34,9,56,65,396,494,2.7,0.61
1630696,277,Dru Smith,1610612748,MIA,70,1141,135,325,0.415,38,129,0.295,87,105,0.829,62,111,173,180,100,21,55,109,395,606,3.27,1.82
1627741,278,Buddy Hield,1610612737,ATL,51,819,143,327,0.437,74,212,0.349,30,37,0.811,27,89,116,71,39,9,48,57,390,386,1.48,0.81
1629630,279,Ja Morant,1610612763,MEM,20,569,132,322,0.41,20,85,0.235,105,117,0.897,8,57,65,161,20,6,71,40,389,368,2.27,0.28
1642348,280,Justin Edwards,1610612755,PHI,64,977,143,320,0.447,67,180,0.372,33,39,0.846,26,68,94,80,54,11,36,91,386,406,2.22,1.5
1631321,281,Sidy Cissoko,1610612757,POR,75,1435,133,334,0.398,59,198,0.298,58,88,0.659,62,104,166,110,52,25,70,183,383,435,1.57,0.74
1642274,282,Yves Missi,1610612740,NOP,66,1297,160,294,0.544,0,1,0.0,57,102,0.559,183,202,385,84,20,101,54,113,377,734,1.56,0.37
1629048,283,Goga Bitadze,1610612753,ORL,64,972,152,225,0.676,2,11,0.182,69,97,0.711,137,183,320,84,37,61,43,136,375,733,1.95,0.86
1641772,284,Nae'Qwan Tomlin,1610612739,CLE,64,1004,150,314,0.478,27,115,0.235,47,61,0.77,86,100,186,53,41,34,29,125,374,481,1.83,1.41
1627824,285,Guerschon Yabusele,1610612741,CHI,67,1007,125,312,0.401,69,196,0.352,54,72,0.75,56,178,234,63,26,16,41,81,373,466,1.54,0.63
201143,286,Al Horford,1610612744,GSW,45,969,138,324,0.426,74,205,0.361,22,26,0.846,44,175,219,116,30,51,42,51,372,556,2.76,0.71
1630543,287,Isaiah Jackson,1610612746,LAC,55,908,151,237,0.637,0,3,0.0,68,105,0.648,113,177,290,52,36,49,58,147,370,616,0.9,0.62
1628418,287,Thomas Bryant,1610612739,CLE,60,732,135,267,0.506,47,131,0.359,53,66,0.803,59,146,205,33,18,26,28,75,370,479,1.18,0.64
1642364,289,Jamir Watkins,1610612764,WAS,50,1032,132,296,0.446,47,158,0.297,57,82,0.695,49,145,194,67,54,25,40,129,368,479,1.68,1.35
1641775,290,Jordan Walsh,1610612738,BOS,68,1212,136,267,0.509,48,125,0.384,44,57,0.772,85,187,272,54,49,31,35,137,364,591,1.54,1.4
1631169,290,Josh Minott,1610612751,BKN,49,834,126,252,0.5,64,153,0.418,48,61,0.787,48,110,158,46,44,24,43,73,364,454,1.07,1.02
1629026,292,Kenrich Williams,1610612760,OKC,56,855,140,296,0.473,50,129,0.388,33,52,0.635,59,128,187,79,31,5,43,59,363,447,1.84,0.72
1631159,293,Leonard Miller,1610612741,CHI,46,719,145,262,0.553,32,99,0.323,39,53,0.736,54,127,181,40,17,15,36,65,361,447,1.11,0.47
1629006,294,Josh Okogie,1610612745,HOU,78,1354,125,294,0.425,62,161,0.385,41,69,0.594,81,119,200,69,63,16,41,107,353,463,1.68,1.54
1641738,294,Kobe Brown,1610612754,IND,61,962,127,271,0.469,52,139,0.374,47,59,0.797,68,117,185,80,23,12,53,69,353,444,1.51,0.43
1631255,296,Karlo Matković,1610612740,NOP,62,912,142,235,0.604,38,90,0.422,30,41,0.732,72,157,229,50,25,54,34,105,352,572,1.47,0.74
1642461,296,Spencer Jones,1610612743,DEN,64,1417,132,262,0.504,57,144,0.396,31,51,0.608,75,134,209,51,52,29,31,175,352,512,1.65,1.68
1627936,298,Alex Caruso,1610612760,OKC,56,1020,127,300,0.423,53,181,0.293,41,51,0.804,28,127,155,110,72,17,48,68,348,471,2.29,1.5
1628369,298,Jayson Tatum,1610612738,BOS,16,522,118,287,0.411,47,143,0.329,65,79,0.823,8,152,160,85,22,3,39,26,348,396,2.18,0.56
1630570,300,Trendon Watford,1610612755,PHI,53,864,138,268,0.515,10,50,0.2,60,77,0.779,38,137,175,132,16,22,64,107,346,480,2.06,0.25
1641737,301,Adem Bona,1610612755,PHI,71,1234,131,220,0.595,2,6,0.333,80,113,0.708,128,179,307,32,30,82,56,153,344,617,0.57,0.54
1631342,301,Daeqwon Plowden,1610612758,SAC,32,844,120,279,0.43,62,186,0.333,42,49,0.857,33,64,97,41,23,7,26,78,344,320,1.58,0.89
1631107,301,Nikola Jović,1610612748,MIA,47,808,115,314,0.366,45,167,0.269,69,101,0.683,25,128,153,102,26,17,65,65,344,346,1.57,0.4
1630592,304,Jalen Wilson,1610612751,BKN,54,859,110,278,0.396,54,152,0.355,69,96,0.719,17,97,114,50,22,2,38,85,343,298,1.32,0.58
1629731,305,Dean Wade,1610612739,CLE,59,1318,122,278,0.439,71,196,0.362,27,38,0.711,53,194,247,88,44,23,16,90,342,561,5.5,2.75
1631243,305,Mouhamed Gueye,1610612737,ATL,77,1179,131,290,0.452,40,130,0.308,40,62,0.645,89,186,275,69,61,39,33,127,342,572,2.09,1.85
1631121,307,Bryce McGowens,1610612740,NOP,42,880,114,237,0.481,38,93,0.409,74,95,0.779,12,76,88,62,27,8,17,88,340,364,3.65,1.59
1629011,307,Mitchell Robinson,1610612752,NYK,60,1175,149,206,0.723,0,0,0.0,42,103,0.408,252,273,525,52,56,70,41,127,340,884,1.27,1.37
1642269,309,Devin Carter,1610612758,SAC,38,700,121,292,0.414,30,114,0.263,67,94,0.713,36,89,125,101,34,9,54,50,339,356,1.87,0.63
1628975,309,Jevon Carter,1610612753,ORL,53,867,123,307,0.401,78,215,0.363,15,19,0.789,14,75,89,87,40,10,36,57,339,341,2.42,1.11
1630579,311,Jericho Sims,1610612749,MIL,67,1318,145,185,0.784,0,0,0.0,44,71,0.62,147,223,370,104,19,17,75,146,334,702,1.39,0.25
1630536,312,Sharife Cooper,1610612764,WAS,41,700,127,247,0.514,29,76,0.382,50,60,0.833,18,68,86,124,16,5,61,61,333,373,2.03,0.26
1642879,313,Ben Saraf,1610612751,BKN,44,916,120,303,0.396,19,90,0.211,73,88,0.83,20,72,92,145,38,8,99,81,332,318,1.47,0.38
1641712,313,Rayan Rupert,1610612763,MEM,64,1073,123,313,0.393,44,136,0.324,42,54,0.778,48,140,188,68,55,9,55,124,332,395,1.24,1.0
1631200,315,Kris Murray,1610612757,POR,57,1333,129,276,0.467,34,122,0.279,39,57,0.684,90,116,206,81,51,22,47,92,331,479,1.72,1.09
1642857,316,Kasparas Jakučionis,1610612748,MIA,53,945,102,238,0.429,66,156,0.423,58,66,0.879,43,95,138,137,33,7,50,99,328,449,2.74,0.66
1630264,317,Anthony Gill,1610612764,WAS,55,951,135,215,0.628,17,48,0.354,34,46,0.739,58,100,158,69,31,21,36,88,321,472,1.92,0.86
1631099,317,Keegan Murray,1610612758,SAC,23,793,126,300,0.42,31,112,0.277,38,49,0.776,33,99,132,38,24,36,27,42,321,339,1.41,0.89
1631093,319,Jaden Ivey,1610612741,CHI,37,670,114,256,0.445,50,134,0.373,38,47,0.809,24,67,91,68,23,14,41,53,316,320,1.66,0.56
1630534,320,Ochai Agbaji,1610612751,BKN,62,973,122,280,0.436,34,128,0.266,36,43,0.837,46,95,141,47,24,17,31,93,314,347,1.52,0.77
1628988,321,Aaron Holiday,1610612745,HOU,57,781,105,252,0.417,67,170,0.394,35,41,0.854,13,45,58,60,27,5,38,72,312,271,1.58,0.71
1627734,322,Domantas Sabonis,1610612758,SAC,19,564,120,221,0.543,5,27,0.185,56,77,0.727,64,152,216,78,18,4,51,66,301,444,1.53,0.35
1641724,322,Jett Howard,1610612753,ORL,55,695,105,251,0.418,54,145,0.372,37,39,0.949,23,64,87,45,10,11,15,66,301,291,3.0,0.67
1631246,324,Vince Williams Jr.,1610612762,UTA,40,819,103,292,0.353,55,177,0.311,39,50,0.78,39,116,155,166,29,16,70,80,300,396,2.37,0.41
1642868,325,Carter Bryant,1610612759,SAS,71,818,108,265,0.408,52,155,0.335,30,42,0.714,38,140,178,47,16,23,33,94,298,360,1.42,0.49
1629660,326,Ty Jerome,1610612763,MEM,15,339,102,215,0.474,42,100,0.42,49,56,0.875,11,31,42,85,16,4,27,31,295,295,3.15,0.59
201587,327,Nicolas Batum,1610612746,LAC,74,1295,96,238,0.403,92,228,0.404,9,11,0.818,23,161,184,64,47,23,37,100,293,430,1.73,1.27
1630544,328,Tre Mann,1610612766,CHA,53,668,109,303,0.36,50,155,0.323,23,27,0.852,20,72,92,86,25,5,54,69,291,247,1.59,0.46
1631213,329,Tyrese Martin,1610612755,PHI,46,777,109,277,0.394,53,165,0.321,19,28,0.679,34,82,116,78,25,6,40,33,290,298,1.95,0.63
1641854,330,Craig Porter Jr.,1610612739,CLE,64,1148,116,258,0.45,33,93,0.355,24,40,0.6,85,135,220,205,57,38,59,70,289,592,3.48,0.97
1642864,330,Hugo González,1610612738,BOS,74,1084,117,246,0.476,42,116,0.362,13,26,0.5,62,184,246,40,42,21,38,124,289,458,1.05,1.11
1629020,332,Jarred Vanderbilt,1610612747,LAL,65,1128,113,240,0.471,29,99,0.293,33,56,0.589,80,212,292,84,55,19,56,104,288,532,1.5,0.98
203991,333,Clint Capela,1610612745,HOU,75,926,118,227,0.52,1,2,0.5,45,78,0.577,160,185,345,50,36,63,41,74,282,593,1.22,0.88
1630167,334,Obi Toppin,1610612754,IND,24,424,100,199,0.503,37,105,0.352,42,46,0.913,13,93,106,55,12,1,28,28,279,322,1.96,0.43
1631133,335,Jabari Walker,1610612755,PHI,64,762,97,213,0.455,32,95,0.337,50,68,0.735,72,120,192,34,23,13,27,103,276,377,1.26,0.85
1630208,335,Nick Richards,1610612741,CHI,48,701,103,201,0.512,5,18,0.278,65,101,0.644,77,166,243,16,10,32,59,88,276,384,0.27,0.17
1641740,337,Jaylen Clark,1610612750,MIN,68,888,99,228,0.434,33,101,0.327,44,67,0.657,54,66,120,43,47,9,23,87,275,319,1.87,2.04
1642278,338,Tyler Kolek,1610612752,NYK,62,727,108,248,0.435,44,114,0.386,14,20,0.7,16,82,98,170,22,4,55,65,274,367,3.09,0.4
1642878,339,Tyrese Proctor,1610612739,CLE,50,545,93,225,0.413,46,131,0.351,40,45,0.889,11,53,64,74,25,0,40,59,272,258,1.85,0.63
1629027,340,Trae Young,1610612764,WAS,15,384,81,177,0.458,27,80,0.338,80,97,0.825,4,26,30,120,13,2,39,33,269,282,3.08,0.33
203937,341,Kyle Anderson,1610612750,MIN,43,853,107,202,0.53,4,11,0.364,48,68,0.706,42,108,150,126,45,26,39,96,266,459,3.23,1.15
1626156,342,D'Angelo Russell,1610612764,WAS,26,495,94,232,0.405,33,112,0.295,43,60,0.717,8,53,61,104,12,2,49,30,264,239,2.12,0.25
1631123,343,Jamaree Bouyea,1610612756,PHX,46,644,108,236,0.458,23,78,0.295,24,35,0.686,18,64,82,82,29,16,30,38,263,303,2.73,0.97
1642877,344,Micah Peavy,1610612740,NOP,61,913,106,275,0.385,28,108,0.259,22,29,0.759,46,71,117,61,43,9,20,96,262,296,3.05,2.15
1629618,345,Jalen Pickett,1610612743,DEN,50,807,98,232,0.422,49,127,0.386,15,19,0.789,18,96,114,115,13,5,34,42,260,335,3.38,0.38
1641722,346,Jordan Hawkins,1610612740,NOP,51,692,94,257,0.366,47,135,0.348,23,27,0.852,20,68,88,42,13,10,34,30,258,210,1.24,0.38
1631250,347,Pete Nance,1610612749,MIL,47,737,100,194,0.515,50,119,0.42,4,11,0.364,27,98,125,48,14,14,26,62,254,328,1.85,0.54
1629684,348,Grant Williams,1610612766,CHA,36,711,78,183,0.426,52,134,0.388,44,54,0.815,46,96,142,56,17,18,31,56,252,339,1.81,0.55
1630182,349,Josh Green,1610612766,CHA,58,908,83,181,0.459,58,138,0.42,25,28,0.893,45,57,102,47,35,6,35,64,249,303,1.34,1.0
1629723,350,John Konchar,1610612762,UTA,56,1115,94,199,0.472,28,99,0.283,32,44,0.727,74,166,240,118,83,38,35,79,248,575,3.37,2.37
201567,350,Kevin Love,1610612762,UTA,37,613,79,199,0.397,53,142,0.373,37,44,0.841,55,160,215,67,14,9,30,54,248,396,2.23,0.47
1629021,352,Moritz Wagner,1610612753,ORL,36,427,83,195,0.426,22,70,0.314,59,72,0.819,27,88,115,27,15,2,19,58,247,262,1.42,0.79
1642885,353,Mohamed Diawara,1610612752,NYK,69,634,90,213,0.423,48,130,0.369,18,24,0.75,15,79,94,53,17,6,30,50,246,257,1.77,0.57
201144,354,Mike Conley,1610612750,MIN,54,991,72,215,0.335,56,166,0.337,45,50,0.9,18,75,93,157,35,14,34,84,245,362,4.62,1.03
1642382,355,Branden Carlson,1610612760,OKC,42,488,98,186,0.527,31,86,0.36,15,26,0.577,29,95,124,29,8,27,16,36,242,315,1.81,0.5
1630545,356,Terrence Shannon Jr.,1610612750,MIN,43,538,77,171,0.45,31,76,0.408,56,70,0.8,10,39,49,38,14,1,24,50,241,211,1.58,0.58
1642859,357,Jase Richardson,1610612753,ORL,54,587,89,188,0.473,28,79,0.354,33,46,0.717,21,42,63,58,19,2,25,53,239,244,2.32,0.76
1627752,357,Taurean Prince,1610612749,MIL,26,611,86,191,0.45,61,140,0.436,6,6,1.0,4,77,81,46,16,6,31,48,239,252,1.48,0.52
1642928,359,Dylan Cardwell,1610612758,SAC,44,907,105,179,0.587,2,4,0.5,26,51,0.51,147,185,332,62,30,67,39,161,238,591,1.59,0.77
1642853,359,Rasheer Fleming,1610612756,PHX,55,673,87,215,0.405,45,130,0.346,19,34,0.559,57,67,124,16,22,21,29,64,238,249,0.55,0.76
1630175,361,Cole Anthony,1610612749,MIL,35,527,98,231,0.424,22,72,0.306,16,26,0.615,16,71,87,121,20,11,65,73,234,265,1.86,0.31
1627749,361,Dejounte Murray,1610612740,NOP,14,389,88,182,0.484,19,62,0.306,39,45,0.867,4,71,75,89,23,3,47,33,234,277,1.89,0.49
1629216,363,Gabe Vincent,1610612737,ATL,53,879,76,216,0.352,59,173,0.341,20,23,0.87,17,37,54,76,27,3,27,79,231,221,2.82,1.0
1642261,364,Dalton Knecht,1610612747,LAL,54,553,87,191,0.455,38,111,0.342,16,22,0.727,14,61,75,21,11,11,23,45,228,213,0.91,0.48
1642854,365,Asa Newell,1610612737,ATL,44,500,91,169,0.538,29,75,0.387,16,29,0.552,44,52,96,26,16,15,23,65,227,266,1.13,0.7
1628997,365,Caleb Martin,1610612742,DAL,58,856,85,189,0.45,20,57,0.351,37,61,0.607,28,115,143,81,40,15,40,86,227,338,2.03,1.0
1642869,365,Noah Penda,1610612753,ORL,59,757,82,203,0.404,30,93,0.323,33,48,0.688,67,120,187,70,30,18,42,70,227,354,1.67,0.71
1630679,368,Ethan Thompson,1610612754,IND,32,653,74,196,0.378,38,116,0.328,37,47,0.787,17,52,69,57,20,9,25,69,223,221,2.28,0.8
1642275,369,Tidjane Salaün,1610612766,CHA,37,575,80,159,0.503,36,83,0.434,26,40,0.65,26,123,149,27,16,7,26,54,222,302,1.04,0.62
1629234,370,Drew Eubanks,1610612758,SAC,42,552,93,156,0.596,1,7,0.143,32,57,0.561,39,88,127,19,15,26,30,57,219,288,0.63,0.5
1631288,371,Jamal Cain,1610612753,ORL,40,486,74,152,0.487,28,73,0.384,39,46,0.848,28,50,78,29,11,4,19,53,215,233,1.53,0.58
1631131,372,Oscar Tshiebwe,1610612762,UTA,27,448,92,145,0.634,0,0,0.0,27,49,0.551,77,102,179,32,16,5,21,39,211,347,1.52,0.76
203939,373,Dwight Powell,1610612742,DAL,63,904,65,101,0.644,2,7,0.286,78,112,0.696,96,161,257,68,34,21,41,133,210,479,1.66,0.83
1626145,374,Tyus Jones,1610612743,DEN,67,979,76,218,0.349,40,137,0.292,7,9,0.778,12,64,76,159,37,3,25,31,199,305,6.36,1.48
1631204,375,Marcus Sasser,1610612765,DET,38,457,69,177,0.39,44,106,0.415,15,18,0.833,7,32,39,75,20,4,31,41,197,193,2.42,0.65
1641715,376,Cam Whitmore,1610612764,WAS,21,354,77,169,0.456,16,56,0.286,23,31,0.742,19,39,58,15,15,8,18,25,193,171,0.83,0.83
1642942,377,Jahmai Mashack,1610612763,MEM,31,673,77,195,0.395,19,75,0.253,19,35,0.543,23,58,81,69,37,14,49,67,192,210,1.41,0.76
1642419,377,Jamison Battle,1610612761,TOR,61,517,74,145,0.51,35,85,0.412,9,14,0.643,20,69,89,24,7,3,19,42,192,220,1.26,0.37
1630192,379,Zeke Nnaji,1610612743,DEN,52,626,71,151,0.47,14,54,0.259,34,44,0.773,33,103,136,29,17,24,27,71,190,279,1.07,0.63
1630623,380,Tyson Etienne,1610612751,BKN,24,380,58,145,0.4,43,108,0.398,30,36,0.833,5,22,27,40,11,0,16,47,189,158,2.5,0.69
203500,381,Steven Adams,1610612745,HOU,32,730,70,139,0.504,0,0,0.0,47,81,0.58,145,131,276,48,22,20,35,55,187,415,1.37,0.63
1630811,382,Keaton Wallace,1610612737,ATL,53,536,68,171,0.398,38,102,0.373,12,18,0.667,3,53,56,94,24,5,28,48,186,228,3.36,0.86
1641733,383,Nick Smith Jr.,1610612747,LAL,30,375,70,161,0.435,34,86,0.395,11,15,0.733,3,20,23,31,9,2,21,28,185,134,1.48,0.43
1631218,384,Trayce Jackson-Davis,1610612761,TOR,53,496,71,124,0.573,1,1,1.0,38,74,0.514,66,79,145,39,17,24,22,45,181,295,1.77,0.77
1642277,385,Johnny Furphy,1610612754,IND,35,643,70,149,0.47,23,71,0.324,17,35,0.486,32,121,153,41,20,7,29,65,180,275,1.41,0.69
1641989,386,Elijah Harkless,1610612762,UTA,26,545,54,161,0.335,21,88,0.239,49,64,0.766,10,43,53,75,31,6,26,52,178,195,2.89,1.19
1631207,387,Dalen Terry,1610612755,PHI,48,551,68,155,0.439,24,66,0.364,16,30,0.533,26,60,86,66,29,15,26,49,176,245,2.54,1.12
1642949,387,Yanic Konan Niederhäuser,1610612746,LAC,41,424,64,100,0.64,1,5,0.2,47,62,0.758,37,80,117,12,5,30,23,66,176,266,0.52,0.22
1629680,389,Matisse Thybulle,1610612757,POR,30,480,58,134,0.433,37,93,0.398,21,25,0.84,17,42,59,27,60,16,28,43,174,228,0.96,2.14
203992,390,Bogdan Bogdanović,1610612746,LAC,23,452,59,152,0.388,33,95,0.347,20,25,0.8,6,53,59,51,10,3,27,46,171,169,1.89,0.37
1643007,390,Taelon Peter,1610612754,IND,38,492,60,158,0.38,41,125,0.328,10,16,0.625,10,49,59,40,26,4,27,38,171,169,1.48,0.96
1630619,392,Moussa Cisse,1610612742,DAL,38,530,66,115,0.574,0,0,0.0,38,81,0.469,89,127,216,9,19,45,30,73,170,337,0.3,0.63
1642396,393,Blake Hinson,1610612762,UTA,14,285,59,115,0.513,37,79,0.468,12,16,0.75,11,22,33,16,5,2,5,24,167,158,3.2,1.0
1631113,394,Kennedy Chandler,1610612762,UTA,11,355,61,137,0.445,15,38,0.395,28,43,0.651,6,31,37,74,11,2,23,23,165,175,3.22,0.48
203926,395,Doug McDermott,1610612758,SAC,29,439,54,139,0.388,48,123,0.39,8,9,0.889,7,30,37,22,6,4,13,28,164,134,1.69,0.46
1626166,396,Cameron Payne,1610612755,PHI,22,374,56,149,0.376,32,97,0.33,19,22,0.864,3,41,44,58,24,7,11,30,163,189,5.27,2.18
1642066,396,Myron Gardner,1610612748,MIA,45,411,59,123,0.48,26,64,0.406,19,26,0.731,39,83,122,44,20,8,17,78,163,269,2.59,1.18
1642880,398,Kam Jones,1610612754,IND,37,616,68,169,0.402,22,75,0.293,4,8,0.5,15,45,60,119,18,0,36,39,162,218,3.31,0.5
1628396,398,Tony Bradley,1610612737,ATL,41,451,64,117,0.547,2,4,0.5,32,43,0.744,60,56,116,22,6,7,18,62,162,231,1.22,0.33
1642358,400,AJ Johnson,1610612742,DAL,48,453,57,176,0.324,12,57,0.211,34,40,0.85,14,41,55,47,11,3,30,30,160,121,1.57,0.37
1628366,400,Lonzo Ball,1610612739,CLE,35,728,53,176,0.301,40,147,0.272,14,21,0.667,26,114,140,136,45,9,52,46,160,308,2.62,0.87
1631110,402,Jeremy Sochan,1610612752,NYK,44,469,64,129,0.496,11,45,0.244,19,26,0.731,37,70,107,40,17,7,21,62,158,236,1.91,0.81
1642504,403,Cormac Ryan,1610612749,MIL,11,271,53,102,0.52,27,59,0.458,24,26,0.923,8,20,28,19,11,3,17,27,157,150,1.12,0.65
1642353,404,Cam Christie,1610612746,LAC,55,480,53,139,0.381,12,49,0.245,38,50,0.76,19,59,78,31,16,3,22,19,156,164,1.41,0.73
1642866,404,Joan Beringer,1610612750,MIN,40,314,65,98,0.663,0,0,0.0,26,37,0.703,45,47,92,12,7,26,11,47,156,238,1.09,0.64
1642882,406,Julian Reese,1610612764,WAS,13,402,63,119,0.529,0,0,0.0,28,44,0.636,55,82,137,24,18,8,32,42,154,237,0.75,0.56
1641744,407,Zach Edey,1610612763,MEM,11,284,62,98,0.633,1,5,0.2,25,32,0.781,43,79,122,12,7,21,26,37,150,243,0.46,0.27
1629599,408,Amir Coffey,1610612756,PHX,46,491,55,113,0.487,17,49,0.347,22,28,0.786,19,38,57,27,9,5,9,30,149,174,3.0,1.0
1631104,409,Blake Wesley,1610612757,POR,31,361,56,124,0.452,10,36,0.278,26,47,0.553,8,31,39,62,16,5,31,34,148,150,2.0,0.52
1643018,409,LJ Cryer,1610612744,GSW,18,292,47,117,0.402,37,94,0.394,17,19,0.895,4,24,28,18,3,0,14,28,148,111,1.29,0.21
1630604,411,E.J. Liddell,1610612751,BKN,26,349,54,111,0.486,18,52,0.346,21,26,0.808,14,55,69,24,6,10,15,45,147,179,1.6,0.4
1641763,412,Julian Phillips,1610612750,MIN,48,427,51,121,0.421,20,65,0.308,18,23,0.783,23,26,49,10,22,7,11,43,140,142,0.91,2.0
1643052,413,Chaney Johnson,1610612751,BKN,17,348,51,94,0.543,9,30,0.3,28,35,0.8,33,46,79,36,15,9,20,51,139,208,1.8,0.75
1642863,413,Khaman Maluach,1610612756,PHX,46,411,56,105,0.533,5,21,0.238,22,31,0.71,49,84,133,6,5,33,25,43,139,233,0.24,0.2
1642352,415,Keshad Johnson,1610612748,MIA,32,280,51,104,0.49,13,44,0.295,21,29,0.724,26,36,62,8,15,8,13,28,136,155,0.62,1.15
1628371,416,Jonathan Isaac,1610612753,ORL,52,521,46,109,0.422,7,38,0.184,35,58,0.603,43,89,132,22,20,31,18,41,134,235,1.22,1.11
1629622,416,Max Strus,1610612739,CLE,12,288,47,106,0.443,33,82,0.402,7,9,0.778,9,56,65,24,3,0,9,34,134,156,2.67,0.33
203482,418,Kelly Olynyk,1610612759,SAS,42,360,47,96,0.49,12,47,0.255,27,38,0.711,24,52,76,49,15,3,24,39,133,192,2.04,0.63
1642862,419,Liam McNeeley,1610612766,CHA,31,368,38,95,0.4,24,60,0.4,32,39,0.821,13,60,73,24,5,3,13,36,132,160,1.85,0.39
1626204,420,Larry Nance Jr.,1610612739,CLE,35,449,52,124,0.419,21,63,0.333,6,13,0.462,29,64,93,34,21,6,20,55,131,186,1.7,1.05
1630256,421,Jae'Sean Tate,1610612745,HOU,46,405,56,109,0.514,10,32,0.313,7,11,0.636,33,40,73,25,10,3,16,48,129,167,1.56,0.63
1631174,421,Tyler Burton,1610612763,MEM,12,307,42,112,0.375,22,66,0.333,23,27,0.852,8,42,50,12,11,4,11,31,129,121,1.09,1.0
203914,423,Gary Harris,1610612749,MIL,48,661,46,104,0.442,28,68,0.412,8,9,0.889,16,45,61,51,27,9,19,53,128,198,2.68,1.42
1631103,423,Malaki Branham,1610612764,WAS,28,276,43,91,0.473,14,37,0.378,28,34,0.824,12,32,44,23,10,3,15,21,128,139,1.53,0.67
1630165,425,Killian Hayes,1610612758,SAC,23,406,42,138,0.304,17,63,0.27,26,28,0.929,4,50,54,81,21,4,28,36,127,161,2.89,0.75
1641869,426,Malachi Smith,1610612751,BKN,15,359,48,99,0.485,20,46,0.435,8,8,1.0,12,39,51,49,12,4,14,13,124,175,3.5,0.86
1627827,427,Dorian Finney-Smith,1610612745,HOU,37,620,44,132,0.333,27,100,0.27,8,9,0.889,35,58,93,36,16,6,22,61,123,163,1.64,0.73
1631199,427,Ron Harper Jr.,1610612738,BOS,29,318,46,110,0.418,28,80,0.35,3,4,0.75,15,33,48,22,10,9,8,20,123,139,2.75,1.25
1643016,429,Bez Mbeng,1610612762,UTA,15,492,50,100,0.5,6,31,0.194,16,25,0.64,18,39,57,62,34,5,22,46,122,199,2.82,1.55
1642355,429,Bronny James,1610612747,LAL,42,375,47,115,0.409,22,57,0.386,6,7,0.857,5,18,23,51,19,4,25,28,122,125,2.04,0.76
1630574,431,Ariel Hukporti,1610612752,NYK,54,498,45,80,0.563,1,4,0.25,26,33,0.788,56,103,159,29,9,26,32,67,117,266,0.91,0.28
1642967,432,John Poulakidas,1610612742,DAL,13,253,39,91,0.429,31,77,0.403,6,7,0.857,4,26,30,11,7,4,4,28,115,110,2.75,1.75
1630590,433,Scotty Pippen Jr.,1610612763,MEM,10,212,43,96,0.448,10,32,0.313,18,23,0.783,8,14,22,47,19,4,27,31,114,121,1.74,0.7
1641748,434,Andre Jackson Jr.,1610612749,MIL,48,408,39,119,0.328,15,60,0.25,20,32,0.625,25,47,72,43,19,4,31,43,113,128,1.39,0.61
1631466,435,Nate Williams,1610612744,GSW,14,239,43,88,0.489,13,30,0.433,13,15,0.867,20,10,30,14,5,0,15,26,112,99,0.93,0.33
1626192,436,Pat Connaughton,1610612766,CHA,42,297,38,85,0.447,21,52,0.404,13,20,0.65,15,46,61,18,11,1,11,9,110,136,1.64,1.0
1641778,437,Leaky Black,1610612764,WAS,15,433,40,103,0.388,19,55,0.345,7,8,0.875,15,60,75,22,18,8,14,40,106,151,1.57,1.29
1630639,438,A.J. Lawson,1610612761,TOR,24,226,34,78,0.436,19,45,0.422,14,18,0.778,9,34,43,7,12,4,6,27,101,113,1.17,2.0
1630526,438,Jeremiah Robinson-Earl,1610612742,DAL,22,361,37,100,0.37,10,41,0.244,17,18,0.944,36,67,103,15,9,1,12,26,101,153,1.25,0.75
1641727,440,Dariq Whitehead,1610612763,MEM,6,183,37,93,0.398,19,60,0.317,5,7,0.714,2,22,24,9,4,0,10,13,98,67,0.9,0.4
1628380,441,Zach Collins,1610612741,CHI,10,184,37,64,0.578,9,21,0.429,14,20,0.7,16,40,56,15,2,4,10,18,97,131,1.5,0.2
1641771,442,Jalen Slawson,1610612754,IND,13,311,34,77,0.442,15,40,0.375,12,17,0.706,7,50,57,36,20,14,17,27,95,157,2.12,1.18
1630322,442,Lindy Waters III,1610612759,SAS,40,285,33,88,0.375,27,79,0.342,2,3,0.667,3,26,29,19,6,1,7,24,95,87,2.71,0.86
1630699,442,MarJon Beauchamp,1610612755,PHI,14,196,33,76,0.434,16,47,0.34,13,19,0.684,7,25,32,15,9,4,13,13,95,93,1.15,0.69
1642905,442,Yang Hansen,1610612757,POR,43,300,31,100,0.31,5,42,0.119,28,34,0.824,20,46,66,22,3,10,32,43,95,89,0.69,0.09
1641871,446,Duop Reath,1610612757,POR,32,258,33,74,0.446,23,55,0.418,5,6,0.833,10,28,38,10,5,8,7,28,94,106,1.43,0.71
1641747,447,DaRon Holmes II,1610612743,DEN,25,210,31,61,0.508,20,45,0.444,11,14,0.786,8,27,35,16,1,6,12,19,93,106,1.33,0.08
1631166,448,Drew Timme,1610612747,LAL,27,235,38,66,0.576,11,25,0.44,5,9,0.556,10,23,33,23,6,0,13,20,92,109,1.77,0.46
1642354,449,KJ Simpson,1610612743,DEN,20,258,34,99,0.343,12,40,0.3,11,18,0.611,9,28,37,43,16,0,25,18,91,90,1.72,0.64
1629162,450,Jordan McLaughlin,1610612759,SAS,44,282,33,79,0.418,17,40,0.425,6,7,0.857,7,25,32,38,20,2,15,11,89,119,2.53,1.33
1642950,450,Lachlan Olbrich,1610612741,CHI,37,344,36,77,0.468,2,19,0.105,15,40,0.375,45,67,112,42,12,8,16,49,89,181,2.63,0.75
1630610,452,DeJon Jarreau,1610612763,MEM,11,231,33,83,0.398,4,30,0.133,18,23,0.783,12,39,51,36,10,8,26,28,88,112,1.39,0.39
1628467,453,Maxi Kleber,1610612747,LAL,43,461,33,73,0.452,6,26,0.231,14,26,0.538,36,48,84,27,18,11,17,60,86,157,1.59,1.06
1641790,453,PJ Hall,1610612766,CHA,19,213,30,59,0.508,3,5,0.6,23,29,0.793,33,42,75,10,3,10,16,22,86,133,0.63,0.19
1642380,455,Adama Bal,1610612763,MEM,8,241,28,68,0.412,18,44,0.409,9,10,0.9,6,19,25,19,9,1,6,27,83,90,3.17,1.5
1642502,455,Malevy Leons,1610612744,GSW,25,276,32,72,0.444,4,16,0.25,15,19,0.789,30,23,53,23,14,9,13,31,83,125,1.77,1.08
1642404,457,Chaz Lanier,1610612765,DET,34,262,28,89,0.315,19,67,0.284,5,6,0.833,8,15,23,17,7,0,3,12,80,62,5.67,2.33
1629726,458,Garrison Mathews,1610612754,IND,15,196,21,52,0.404,17,46,0.37,19,23,0.826,2,15,17,10,6,3,3,19,78,76,3.33,2.0
1629646,459,Charles Bassey,1610612744,GSW,13,153,31,47,0.66,0,0,0.0,14,20,0.7,23,34,57,7,4,11,6,19,76,127,1.17,0.67
1642484,460,RayJ Dennis,1610612737,ATL,17,206,26,83,0.313,14,45,0.311,8,9,0.889,8,18,26,33,4,4,17,21,74,66,1.94,0.24
1631132,461,Christian Koloko,1610612737,ATL,27,357,31,74,0.419,1,9,0.111,10,15,0.667,31,50,81,18,14,23,16,48,73,145,1.13,0.88
1631351,461,Lucas Williamson,1610612763,MEM,7,224,25,75,0.333,15,53,0.283,8,8,1.0,11,27,38,18,11,1,10,26,73,81,1.8,1.1
1631117,463,Walker Kessler,1610612762,UTA,5,154,26,37,0.703,6,8,0.75,14,20,0.7,23,31,54,15,7,9,16,22,72,124,0.94,0.44
1642959,464,Chris Youngblood,1610612757,POR,34,185,22,63,0.349,18,54,0.333,9,10,0.9,7,21,28,12,4,3,2,22,71,74,6.0,2.0
203552,464,Seth Curry,1610612744,GSW,10,133,24,49,0.49,12,25,0.48,11,12,0.917,4,8,12,10,3,0,2,7,71,68,5.0,1.5
1631120,466,JD Davison,1610612745,HOU,28,218,24,64,0.375,8,32,0.25,13,19,0.684,3,31,34,35,6,6,7,17,69,97,5.0,0.86
1642964,467,Brooks Barnhizer,1610612760,OKC,40,348,27,71,0.38,7,24,0.292,7,10,0.7,19,59,78,22,11,5,10,27,68,127,2.2,1.1
201145,468,Jeff Green,1610612745,HOU,30,175,25,68,0.368,12,44,0.273,5,5,1.0,7,18,25,8,2,2,4,12,67,57,2.0,0.5
1630644,468,Mac McClung,1610612741,CHI,11,135,23,59,0.39,7,30,0.233,14,18,0.778,2,8,10,10,11,3,9,19,67,52,1.11,1.22
1630587,470,Isaiah Livers,1610612756,PHX,36,347,22,64,0.344,12,40,0.3,9,12,0.75,19,42,61,21,13,8,12,28,65,111,1.75,1.08
1642530,471,Yuki Kawamura,1610612741,CHI,18,209,17,52,0.327,11,37,0.297,17,19,0.895,7,26,33,47,9,0,14,15,62,100,3.36,0.64
1642367,472,Jonathan Mogbo,1610612761,TOR,40,249,26,44,0.591,0,1,0.0,9,14,0.643,19,49,68,25,11,8,14,26,61,136,1.79,0.79
1643253,473,Toby Okani,1610612763,MEM,6,217,25,70,0.357,9,31,0.29,1,8,0.125,9,12,21,6,4,3,3,20,60,39,2.0,1.33
1626172,474,Kevon Looney,1610612740,NOP,21,308,25,60,0.417,2,13,0.154,7,10,0.7,48,70,118,34,9,10,9,34,59,183,3.78,1.0
1642449,475,Tolu Smith,1610612765,DET,15,137,18,36,0.5,0,0,0.0,20,30,0.667,22,27,49,13,2,6,7,23,56,91,1.86,0.29
1641890,475,Tyler Smith,1610612742,DAL,12,166,21,50,0.42,10,35,0.286,4,6,0.667,12,21,33,5,6,0,6,13,56,63,0.83,1.0
201599,477,DeAndre Jordan,1610612740,NOP,12,199,21,32,0.656,0,0,0.0,11,17,0.647,26,50,76,11,4,10,9,16,53,128,1.22,0.44
1642260,478,Nikola Topić,1610612760,OKC,10,160,22,51,0.431,6,15,0.4,2,5,0.4,7,12,19,44,5,0,25,13,52,63,1.76,0.2
1642918,479,Alijah Martin,1610612761,TOR,23,146,16,50,0.32,4,21,0.19,15,19,0.789,9,12,21,12,8,4,8,12,51,50,1.5,1.0
1641755,480,Kevin McCullar Jr.,1610612752,NYK,21,155,20,47,0.426,8,24,0.333,2,5,0.4,11,17,28,20,9,0,12,22,50,65,1.67,0.75
203078,481,Bradley Beal,1610612746,LAC,6,121,18,48,0.375,7,19,0.368,6,8,0.75,2,3,5,10,3,0,9,14,49,26,1.11,0.33
1642359,482,Pacôme Dadiet,1610612752,NYK,29,136,16,48,0.333,7,32,0.219,9,11,0.818,4,23,27,12,3,1,3,8,48,54,4.0,1.0
1630286,482,Trevon Scott,1610612751,BKN,6,182,19,50,0.38,6,19,0.316,4,6,0.667,10,21,31,10,8,5,4,12,48,65,2.5,2.0
1642876,484,Adou Thiero,1610612747,LAL,25,149,16,31,0.516,1,3,0.333,14,22,0.636,9,19,28,10,7,2,9,19,47,62,1.11,0.78
101108,484,Chris Paul,1610612746,LAC,16,228,18,56,0.321,10,30,0.333,1,2,0.5,6,22,28,53,11,0,16,23,47,84,3.31,0.69
203648,484,Thanasis Antetokounmpo,1610612749,MIL,34,148,15,32,0.469,0,4,0.0,17,30,0.567,12,18,30,15,13,6,10,18,47,71,1.5,1.3
1641725,484,Trey Alexander,1610612740,NOP,9,111,19,37,0.514,6,12,0.5,3,5,0.6,1,10,11,9,6,2,3,13,47,52,3.0,2.0
1641816,488,Hunter Tyson,1610612743,DEN,21,162,14,52,0.269,7,33,0.212,11,13,0.846,4,32,36,17,2,1,5,13,46,57,3.4,0.4
1641723,488,Kobe Bufkin,1610612747,LAL,16,119,15,50,0.3,5,26,0.192,11,12,0.917,1,12,13,10,2,3,5,9,46,33,2.0,0.4
1642886,490,Koby Brea,1610612756,PHX,12,84,15,36,0.417,13,30,0.433,2,2,1.0,1,7,8,10,1,0,4,6,45,39,2.5,0.25
1631214,491,Alondes Williams,1610612764,WAS,4,101,16,26,0.615,5,14,0.357,7,8,0.875,5,20,25,12,3,3,5,4,44,71,2.4,0.6
1630214,491,Xavier Tillman,1610612766,CHA,30,184,20,46,0.435,3,18,0.167,1,4,0.25,19,24,43,13,9,5,8,15,44,77,1.63,1.13
1630548,493,Johnny Juzang,1610612750,MIN,21,88,16,38,0.421,6,24,0.25,5,8,0.625,5,12,17,6,2,1,5,3,43,39,1.2,0.4
1642939,493,Miles Kelly,1610612742,DAL,14,134,16,44,0.364,10,33,0.303,1,1,1.0,5,19,24,12,4,1,6,12,43,50,2.0,0.67
1631216,495,Caleb Houstan,1610612737,ATL,18,75,14,26,0.538,11,21,0.524,3,3,1.0,5,6,11,4,2,1,4,11,42,44,1.0,0.5
204060,496,Joe Ingles,1610612750,MIN,27,153,16,27,0.593,7,16,0.438,2,2,1.0,0,19,19,34,9,2,14,9,41,80,2.43,0.64
1631223,497,David Roddy,1610612743,DEN,5,73,15,30,0.5,3,11,0.273,7,7,1.0,8,12,20,4,4,1,2,7,40,52,2.0,2.0
1629312,498,Haywood Highsmith,1610612756,PHX,7,91,12,23,0.522,8,14,0.571,6,7,0.857,6,7,13,7,4,0,0,9,38,50,0.0,0.0
1642400,499,Tristan Enaruna,1610612739,CLE,9,85,14,28,0.5,3,10,0.3,6,8,0.75,7,7,14,7,5,0,3,3,37,44,2.33,1.67
1642362,500,Payton Sandfort,1610612760,OKC,4,63,13,26,0.5,7,17,0.412,2,4,0.5,1,9,10,0,1,0,1,8,35,30,0.0,1.0
1642434,500,Riley Minix,1610612739,CLE,9,58,14,23,0.609,4,12,0.333,3,3,1.0,2,4,6,5,2,1,3,5,35,37,1.67,0.67
1628502,502,Nigel Hayes-Davis,1610612756,PHX,27,195,15,46,0.326,2,16,0.125,2,4,0.5,12,21,33,7,8,2,8,16,34,43,0.88,1.0
1630209,502,Omer Yurtseven,1610612744,GSW,9,104,11,26,0.423,0,4,0.0,12,18,0.667,13,17,30,8,2,1,9,15,34,45,0.89,0.22
201959,502,Taj Gibson,1610612763,MEM,10,97,12,26,0.462,3,6,0.5,7,8,0.875,11,16,27,6,2,1,1,14,34,54,6.0,2.0
201569,505,Eric Gordon,1610612755,PHI,6,74,12,21,0.571,8,14,0.571,1,2,0.5,1,1,2,3,4,1,3,3,33,30,1.0,1.33
1631116,505,Patrick Baldwin Jr.,1610612758,SAC,9,102,11,27,0.407,6,14,0.429,5,7,0.714,12,11,23,5,3,5,5,15,33,46,1.0,0.6
1642357,507,David Jones Garcia,1610612759,SAS,11,68,13,25,0.52,3,5,0.6,3,6,0.5,4,9,13,18,6,1,5,6,32,50,3.6,1.2
1629610,508,DaQuan Jeffries,1610612758,SAC,3,60,11,19,0.579,4,9,0.444,5,5,1.0,3,2,5,1,2,0,0,9,31,31,0.0,0.0
203486,508,Mason Plumlee,1610612759,SAS,20,171,11,14,0.786,0,0,0.0,9,14,0.643,17,36,53,20,10,0,12,17,31,94,1.67,0.83
1642873,510,Amari Williams,1610612738,BOS,22,146,10,20,0.5,0,0,0.0,10,14,0.714,9,31,40,10,3,10,11,19,30,68,0.91,0.27
1641726,510,Dereck Lively II,1610612742,DAL,7,115,11,18,0.611,0,0,0.0,8,10,0.8,14,23,37,13,4,11,10,21,30,76,1.3,0.4
1642938,512,Curtis Jones,1610612743,DEN,10,88,11,27,0.407,6,18,0.333,1,2,0.5,2,9,11,10,4,0,2,6,29,35,5.0,2.0
1642384,513,Isaiah Crawford,1610612745,HOU,14,92,10,24,0.417,3,13,0.231,5,6,0.833,3,13,16,5,2,3,4,4,28,35,1.25,0.5
1631247,513,Luke Travers,1610612739,CLE,12,103,9,36,0.25,1,16,0.063,9,9,1.0,9,15,24,9,7,4,3,6,28,42,3.0,2.33
1641810,515,Antonio Reeves,1610612766,CHA,10,68,10,20,0.5,7,13,0.538,0,0,0.0,2,6,8,3,1,0,1,3,27,28,3.0,1.0
1643158,516,Andersson Garcia,1610612762,UTA,5,169,9,29,0.31,1,13,0.077,7,9,0.778,17,25,42,14,8,4,7,16,26,65,2.0,1.14
1642443,517,Jahmir Young,1610612748,MIA,14,58,10,25,0.4,3,9,0.333,2,2,1.0,2,2,4,9,1,0,3,7,25,21,3.0,0.33
1642490,517,Josh Oduro,1610612740,NOP,3,82,11,17,0.647,0,2,0.0,3,6,0.5,11,12,23,4,0,0,2,14,25,41,2.0,0.0
1642955,517,Kadary Richmond,1610612764,WAS,3,67,10,16,0.625,2,4,0.5,3,3,1.0,1,9,10,8,8,1,2,2,25,44,4.0,4.0
202687,520,Bismack Biyombo,1610612759,SAS,25,141,9,15,0.6,0,0,0.0,5,7,0.714,5,21,26,5,4,2,8,27,23,44,0.63,0.5
1631451,520,Javonte Cooke,1610612757,POR,19,94,9,41,0.22,3,23,0.13,2,2,1.0,4,15,19,7,6,0,9,6,23,14,0.78,0.67
1642389,520,Zyon Pullin,1610612750,MIN,5,43,9,13,0.692,1,3,0.333,4,4,1.0,1,2,3,9,1,0,3,6,23,29,3.0,0.33
1641752,523,Bobi Klintman,1610612765,DET,12,71,9,27,0.333,4,13,0.308,0,3,0.0,5,14,19,6,3,0,6,11,22,23,1.0,0.5
1641813,523,Mark Sears,1610612749,MIL,7,26,6,13,0.462,4,8,0.5,6,8,0.75,1,1,2,2,0,0,4,4,22,13,0.5,0.0
1628449,525,Chris Boucher,1610612738,BOS,9,94,8,25,0.32,2,15,0.133,3,4,0.75,2,16,18,3,5,7,1,17,21,35,3.0,5.0
1631102,525,TyTy Washington Jr.,1610612746,LAC,16,88,9,19,0.474,3,8,0.375,0,0,0.0,1,5,6,17,6,3,3,7,21,40,5.67,2.0
1630828,527,Alex Antetokounmpo,1610612749,MIL,6,21,3,8,0.375,2,7,0.286,11,15,0.733,2,4,6,1,0,1,1,1,19,17,1.0,0.0
1628420,528,Monte Morris,1610612754,IND,6,65,7,20,0.35,2,8,0.25,2,4,0.5,1,6,7,9,1,1,2,3,18,19,4.5,0.5
202066,529,Garrett Temple,1610612761,TOR,22,73,4,15,0.267,3,12,0.25,6,9,0.667,1,8,9,9,4,2,7,6,17,20,1.29,0.57
1641761,529,Grant Nelson,1610612751,BKN,4,35,5,9,0.556,0,0,0.0,7,10,0.7,1,5,6,5,1,5,4,6,17,23,1.25,0.25
1642933,529,Keshon Gilbert,1610612737,ATL,4,74,5,12,0.417,0,3,0.0,7,7,1.0,2,3,5,12,3,4,8,5,17,26,1.5,0.38
200768,529,Kyle Lowry,1610612755,PHI,14,118,4,25,0.16,4,25,0.16,5,6,0.833,0,9,9,11,2,2,4,8,17,15,2.75,0.5
1641807,529,Norchad Omier,1610612746,LAC,6,24,7,10,0.7,0,1,0.0,3,3,1.0,4,3,7,2,1,0,0,4,17,24,0.0,0.0
1631338,534,Mouhamadou Gueye,1610612741,CHI,2,45,6,11,0.545,1,5,0.2,3,4,0.75,2,4,6,6,2,1,3,4,16,22,2.0,0.67
1641801,535,Emanuel Miller,1610612759,SAS,5,33,6,13,0.462,2,6,0.333,1,2,0.5,1,2,3,4,2,0,0,2,15,16,0.0,0.0
1642910,535,John Tonje,1610612738,BOS,6,42,4,14,0.286,3,10,0.3,4,4,1.0,0,6,6,2,2,0,0,5,15,15,0.0,0.0
1643133,537,Lawson Lovering,1610612763,MEM,2,49,6,10,0.6,0,0,0.0,2,5,0.4,6,9,15,3,3,1,2,7,14,27,1.5,1.5
1630846,537,Olivier Sarr,1610612739,CLE,4,39,5,7,0.714,2,3,0.667,2,5,0.4,2,9,11,5,2,3,2,9,14,28,2.5,1.0
1642911,537,Rocco Zikarsky,1610612750,MIN,5,36,5,8,0.625,0,0,0.0,4,4,1.0,2,12,14,2,0,5,1,3,14,31,2.0,0.0
1642402,540,Enrique Freeman,1610612750,MIN,4,37,4,8,0.5,2,4,0.5,3,4,0.75,2,8,10,2,2,3,2,5,13,23,1.0,1.0
1630164,540,James Wiseman,1610612754,IND,4,58,6,10,0.6,0,0,0.0,1,2,0.5,5,3,8,3,0,1,5,10,13,15,0.6,0.0
1642951,540,Sean Pedulla,1610612746,LAC,7,31,5,15,0.333,3,10,0.3,0,0,0.0,0,3,3,5,0,0,1,4,13,10,5.0,0.0
1627746,540,Skal Labissiere,1610612764,WAS,3,38,6,10,0.6,1,5,0.2,0,0,0.0,3,6,9,3,2,1,1,3,13,23,3.0,2.0
1641998,540,Trey Jemison III,1610612752,NYK,13,82,6,10,0.6,0,0,0.0,1,1,1.0,8,10,18,5,1,2,10,11,13,25,0.5,0.1
1643047,545,CJ Huntley,1610612756,PHX,4,40,6,11,0.545,0,3,0.0,0,0,0.0,2,3,5,2,1,0,0,2,12,15,0.0,0.0
1630625,545,Dalano Banton,1610612738,BOS,6,62,4,12,0.333,0,1,0.0,4,4,1.0,2,3,5,11,2,5,8,3,12,19,1.38,0.25
1630621,545,Hunter Dickinson,1610612740,NOP,5,42,5,14,0.357,0,4,0.0,2,2,1.0,2,3,5,2,1,2,3,6,12,10,0.67,0.33
1641803,545,Tristen Newton,1610612745,HOU,1,12,4,9,0.444,2,5,0.4,2,3,0.667,2,1,3,0,1,0,0,0,12,10,0.0,0.0
1631127,549,Harrison Ingram,1610612759,SAS,7,26,5,6,0.833,1,1,1.0,0,0,0.0,3,0,3,1,0,0,1,2,11,13,1.0,0.0
1641815,550,Isaiah Stevens,1610612758,SAC,3,43,3,7,0.429,0,1,0.0,4,4,1.0,2,1,3,10,5,0,2,2,10,22,5.0,2.5
1643257,550,Jayson Kent,1610612757,POR,5,22,4,7,0.571,1,4,0.25,1,1,1.0,0,5,5,0,1,1,0,1,10,14,0.0,0.0
1641780,550,Johni Broome,1610612755,PHI,11,55,4,24,0.167,0,5,0.0,2,6,0.333,7,9,16,4,3,2,3,7,10,8,1.33,1.0
1628964,550,Mo Bamba,1610612762,UTA,4,44,5,11,0.455,0,0,0.0,0,0,0.0,10,12,22,1,0,3,2,6,10,28,0.5,0.0
1631111,550,Wendell Moore Jr.,1610612765,DET,6,60,4,7,0.571,0,1,0.0,2,2,1.0,1,5,6,4,2,2,1,3,10,20,4.0,2.0
1641753,555,Chris Livingston,1610612739,CLE,3,17,4,7,0.571,0,3,0.0,1,1,1.0,0,3,3,1,1,0,0,4,9,11,0.0,0.0
1641794,555,Dillon Jones,1610612752,NYK,7,39,2,9,0.222,1,5,0.2,4,4,1.0,2,5,7,4,3,0,0,6,9,16,0.0,0.0
1642403,555,Isaac Jones,1610612765,DET,7,36,3,7,0.429,0,2,0.0,3,4,0.75,2,3,5,1,0,1,1,4,9,10,1.0,0.0
1631457,558,Alex Morales,1610612753,ORL,4,24,3,7,0.429,0,1,0.0,2,2,1.0,1,2,3,4,0,0,4,7,8,7,1.0,0.0
1629634,558,Brandon Clarke,1610612763,MEM,2,20,3,9,0.333,0,0,0.0,2,4,0.5,4,2,6,1,2,0,0,5,8,9,0.0,0.0
1631210,558,Jacob Toppin,1610612737,ATL,5,17,4,6,0.667,0,0,0.0,0,0,0.0,0,1,1,1,0,1,0,1,8,9,0.0,0.0
1631211,558,Trevor Keels,1610612748,MIA,8,15,3,12,0.25,2,9,0.222,0,0,0.0,0,2,2,0,1,0,0,0,8,2,0.0,0.0
1643024,562,Chris Mañon,1610612747,LAL,9,46,2,6,0.333,0,3,0.0,3,4,0.75,2,8,10,3,5,2,1,6,7,21,3.0,5.0
1628998,562,Cody Martin,1610612754,IND,4,55,2,10,0.2,0,5,0.0,3,6,0.5,1,13,14,2,4,2,4,5,7,14,0.5,1.0
1642282,562,Hunter Sallis,1610612755,PHI,7,26,3,5,0.6,0,0,0.0,1,2,0.5,0,1,1,4,0,1,5,2,7,5,0.8,0.0
1642917,562,Max Shulga,1610612738,BOS,11,36,2,8,0.25,1,4,0.25,2,2,1.0,3,3,6,2,1,0,3,10,7,7,0.67,0.33
1631115,562,Orlando Robinson,1610612753,ORL,4,25,3,5,0.6,1,2,0.5,0,0,0.0,2,2,4,3,1,0,0,3,7,13,0.0,0.0
1642884,562,Vladislav Goldin,1610612748,MIA,9,24,3,4,0.75,0,0,0.0,1,1,1.0,3,6,9,3,0,3,3,5,7,18,1.0,0.0
1631205,568,Buddy Boeheim,1610612760,OKC,4,15,2,6,0.333,2,6,0.333,0,0,0.0,0,0,0,0,0,0,0,1,6,2,0.0,0.0
1643060,568,Hayden Gray,1610612762,UTA,1,25,2,3,0.667,0,1,0.0,2,2,1.0,0,0,0,1,1,1,1,0,6,7,1.0,1.0
1630658,570,Colin Castleton,1610612753,ORL,4,21,2,5,0.4,0,0,0.0,1,1,1.0,2,6,8,1,1,0,2,2,5,10,0.5,0.5
203967,570,Dario Saric,1610612758,SAC,5,41,1,6,0.167,1,3,0.333,2,2,1.0,1,5,6,2,0,0,2,3,5,6,1.0,0.0
1641809,570,Drew Peterson,1610612766,CHA,6,64,2,16,0.125,0,12,0.0,1,2,0.5,3,6,9,2,3,1,0,3,5,5,0.0,0.0
1628365,573,Markelle Fultz,1610612761,TOR,5,36,2,11,0.182,0,0,0.0,0,0,0.0,0,1,1,8,2,0,4,2,4,2,2.0,0.5
1642280,573,Trentyn Flowers,1610612741,CHI,2,6,2,3,0.667,0,1,0.0,0,0,0.0,1,0,1,1,0,0,1,1,4,4,1.0,0.0
1642368,575,N'Faly Dante,1610612737,ATL,4,15,1,4,0.25,0,0,0.0,1,1,1.0,3,4,7,0,2,0,1,1,3,8,0.0,2.0
1641732,576,Colby Jones,1610612765,DET,1,7,1,3,0.333,0,2,0.0,0,0,0.0,0,4,4,2,0,0,0,1,2,6,0.0,0.0
1630649,576,Stanley Umude,1610612759,SAS,2,7,1,2,0.5,0,1,0.0,0,0,0.0,0,0,0,1,1,0,0,2,2,3,0.0,0.0
1643141,578,Jahmyl Telfort,1610612746,LAC,8,32,0,4,0.0,0,4,0.0,1,4,0.25,0,3,3,1,1,0,1,5,1,-2,1.0,1.0
1642935,579,Chucky Hepburn,1610612761,TOR,2,13,0,6,0.0,0,5,0.0,0,0,0.0,0,1,1,2,1,0,1,2,0,-3,2.0,1.0
1642468,579,Darius Brown,1610612739,CLE,1,3,0,1,0.0,0,0,0.0,0,0,0.0,0,1,1,0,0,0,0,0,0,0,0.0,0.0
1642855,579,Noa Essengue,1610612741,CHI,2,6,0,3,0.0,0,2,0.0,0,0,0.0,0,0,0,0,1,0,0,1,0,-2,0.0,0.0
1641787,579,Tosan Evbuomwan,1610612766,CHA,5,8,0,1,0.0,0,0,0.0,0,0,0.0,1,1,2,0,0,0,0,1,0,1,0.0,0.0
